runFilename,blockFilename,blockId,sd1,sd2,stimOnset,choiceDuration,leftColor,itiDuration,mu1,leftAnswer,trialId,condition,itiOffset,mu2,rightColor,subjectId,feedbackDuration,runId,isiDuration,rightAnswer,runs.thisRepN,runs.thisTrialN,runs.thisN,runs.thisIndex,blocks.thisRepN,blocks.thisTrialN,blocks.thisN,blocks.thisIndex,trials.thisRepN,trials.thisTrialN,trials.thisN,trials.thisIndex,key_resp_2.keys,key_resp_2.rt,key_resp_3.keys,key_resp_3.rt,trialStartWallTime,actualChoiceOnset,actualChoiceOffset,actualIsiOnset,responseTime,actualItiDuration,itiDriftAdjustment,actualIsiOffset,actualFeedbackOnset,actualFeedbackOffset,actualItiOnset,trialEndWallTime,actualItiOffset,reward,responseKey.keys,responseKey.corr,responseKey.rt,session,participant,frameRate,expName,triggerWallTime,date,mriMode,expStartWallTime,
,,,,,,,,,,,,,,,,,,,,,,,,,,,,,,,,,space,1.17240405083,,,,,,,,,,,,,,,,,,,,001,uep001_2,60.020062477,uncertaintyExperiment,,2018_Jul_25_2009,scan,Wed Jul 25 20:09:11 2018,
csv/uep001_run5.csv,csv/uep001_run5_block1.csv,1,0,4.0,16.0,2,5,6.70094448796,12.0,12.0,1,SR,27.5757165589,5.0,6,uep001,1,5,1.87477207091,0.0,0,0,0,0,0,0,0,0,0,0,0,0,,,space,1.86997413635,Wed Jul 25 20:10:04 2018,17.0302801132,18.2229089737,18.2233681679,1.15481591225,6.47812849751,-1.0680000782,20.1229040623,20.1234331131,21.1237201691,21.1240000725,Wed Jul 25 20:10:15 2018,27.5713841915,12.0,1,0,1.15481591225,001,uep001_2,60.020062477,uncertaintyExperiment,Wed Jul 25 20:09:47 2018,2018_Jul_25_2009,scan,Wed Jul 25 20:09:11 2018,
csv/uep001_run5.csv,csv/uep001_run5_block1.csv,1,0,4.0,27.5757165589,2,5,5.87036176882,12.0,12.0,2,SR,38.683464277,5.0,6,uep001,1,5,2.23738594931,13.0,0,0,0,0,0,0,0,0,0,1,1,1,,,,,Wed Jul 25 20:10:15 2018,27.5743880272,28.0200991631,28.0204391479,0.407871961594,7.42607214787,-0.0364176593493,30.2865371704,30.2869570255,31.2872681618,31.2874910831,Wed Jul 25 20:10:26 2018,38.6849160194,13.0,2,0,0.407871961594,001,uep001_2,60.020062477,uncertaintyExperiment,Wed Jul 25 20:09:47 2018,2018_Jul_25_2009,scan,Wed Jul 25 20:09:11 2018,
csv/uep001_run5.csv,csv/uep001_run5_block1.csv,1,0,4.0,38.683464277,2,5,5.74042930001,12.0,12.0,3,SR,48.6768387041,5.0,6,uep001,1,5,1.2529451271,6.0,0,0,0,0,0,0,0,0,0,2,2,2,,,,,Wed Jul 25 20:10:26 2018,38.6872851849,39.1171631813,39.1175010204,0.383801937103,7.30682242527,-0.0498049376356,40.4006061554,40.4010090828,41.401209116,41.4013850689,Wed Jul 25 20:10:36 2018,48.6648621559,6.0,2,0,0.383801937103,001,uep001_2,60.020062477,uncertaintyExperiment,Wed Jul 25 20:09:47 2018,2018_Jul_25_2009,scan,Wed Jul 25 20:09:11 2018,
csv/uep001_run5.csv,csv/uep001_run5_block1.csv,1,0,4.0,48.6768387041,2,5,5.30448176295,12.0,12.0,4,SR,59.4205632856,5.0,6,uep001,1,5,2.43924281856,12.0,0,0,0,0,0,0,0,0,0,3,3,3,,,,,Wed Jul 25 20:10:36 2018,48.6672019958,49.0641241074,49.0644659996,0.354325056076,6.91728838926,-0.0328683176082,51.5305500031,51.5309560299,52.5311779976,52.5313591957,Wed Jul 25 20:10:47 2018,59.3955430984,12.0,1,0,0.354325056076,001,uep001_2,60.020062477,uncertaintyExperiment,Wed Jul 25 20:09:47 2018,2018_Jul_25_2009,scan,Wed Jul 25 20:09:11 2018,
csv/uep001_run5.csv,csv/uep001_run5_block1.csv,1,0,4.0,59.4205632856,2,5,5.55717778246,12.0,12.0,5,SR,70.2343086721,5.0,6,uep001,1,5,2.25656760399,6.0,0,0,0,0,0,0,0,0,0,4,4,4,,,,,Wed Jul 25 20:10:47 2018,59.3979129791,59.9442901611,59.9446380138,0.504181146622,7.03354389019,-0.0194527456506,62.2275869846,62.2279911041,63.2281901836,63.2283670902,Wed Jul 25 20:10:57 2018,70.2091090679,12.0,1,0,0.504181146622,001,uep001_2,60.020062477,uncertaintyExperiment,Wed Jul 25 20:09:47 2018,2018_Jul_25_2009,scan,Wed Jul 25 20:09:11 2018,
csv/uep001_run5.csv,csv/uep001_run5_block1.csv,1,0,4.0,70.2343086721,2,5,5.84998530467,12.0,12.0,6,SR,81.9599325728,5.0,6,uep001,1,5,2.87563859606,6.0,0,0,0,0,0,0,0,0,0,5,5,5,,,,,Wed Jul 25 20:10:57 2018,70.2114500999,70.7412719727,70.7416131496,0.487061977386,7.343115941,-0.0198073862826,73.6410040855,73.6414091587,74.6416120529,74.6417920589,Wed Jul 25 20:11:09 2018,81.9557871819,12.0,1,0,0.487061977386,001,uep001_2,60.020062477,uncertaintyExperiment,Wed Jul 25 20:09:47 2018,2018_Jul_25_2009,scan,Wed Jul 25 20:09:11 2018,
csv/uep001_run5.csv,csv/uep001_run5_block1.csv,1,0,4.0,81.9599325728,2,5,6.51004548032,12.0,12.0,7,SR,94.2375108433,5.0,6,uep001,1,5,2.76753279018,1.0,0,0,0,0,0,0,0,0,0,6,6,6,,,,,Wed Jul 25 20:11:09 2018,81.9581341743,82.3714160919,82.3717560768,0.371054887772,8.09865589812,-0.0403346944268,85.1710841656,85.1714890003,86.1716880798,86.1718671322,Wed Jul 25 20:11:21 2018,94.2189030647,12.0,1,0,0.371054887772,001,uep001_2,60.020062477,uncertaintyExperiment,Wed Jul 25 20:09:47 2018,2018_Jul_25_2009,scan,Wed Jul 25 20:09:11 2018,
csv/uep001_run5.csv,csv/uep001_run5_block1.csv,1,0,4.0,94.2375108433,2,5,5.57707429357,12.0,12.0,8,SR,104.891602719,5.0,6,uep001,1,5,2.07701758224,10.0,0,0,0,0,0,0,0,0,0,7,7,7,,,,,Wed Jul 25 20:11:21 2018,94.2212810516,94.7178311348,94.718170166,0.454439163208,7.09684913109,-0.0257859992723,96.8169810772,96.8172800541,97.817440033,97.8175830841,Wed Jul 25 20:11:32 2018,104.883440018,12.0,1,0,0.454439163208,001,uep001_2,60.020062477,uncertaintyExperiment,Wed Jul 25 20:09:47 2018,2018_Jul_25_2009,scan,Wed Jul 25 20:09:11 2018,
csv/uep001_run5.csv,csv/uep001_run5_block1.csv,1,0,4.0,104.891602719,2,5,6.73813018906,12.0,12.0,9,SR,117.439281341,5.0,6,uep001,1,5,2.80954843269,4.0,0,0,0,0,0,0,0,0,0,8,8,8,,,,,Wed Jul 25 20:11:32 2018,104.885856152,105.381443024,105.381785154,0.452605962753,8.24838286774,-0.0371413585679,108.213932991,108.214295149,109.214492083,109.214667082,Wed Jul 25 20:11:45 2018,117.429637194,12.0,1,0,0.452605962753,001,uep001_2,60.020062477,uncertaintyExperiment,Wed Jul 25 20:09:47 2018,2018_Jul_25_2009,scan,Wed Jul 25 20:09:11 2018,
csv/uep001_run5.csv,csv/uep001_run5_block1.csv,1,0,4.0,117.439281341,2,5,5.472441807,12.0,12.0,10,SR,128.352105887,5.0,6,uep001,1,5,2.4403827392,4.0,0,0,0,0,0,0,0,0,0,9,9,9,,,,,Wed Jul 25 20:11:45 2018,117.431986094,118.17771101,118.178050041,0.704144954681,6.73410512114,-0.0341917311867,120.643719196,120.644080162,121.644277096,121.644454002,Wed Jul 25 20:11:55 2018,128.326470137,12.0,1,0,0.704144954681,001,uep001_2,60.020062477,uncertaintyExperiment,Wed Jul 25 20:09:47 2018,2018_Jul_25_2009,scan,Wed Jul 25 20:09:11 2018,
csv/uep001_run5.csv,csv/uep001_run5_block1.csv,,,,,,,,,,,,,,,,,,,,0,0,0,0,0,0,0,0,,,,,,,,,,,,,,,,,,,,,,,,,,001,uep001_2,60.020062477,uncertaintyExperiment,Wed Jul 25 20:09:47 2018,2018_Jul_25_2009,scan,Wed Jul 25 20:09:11 2018,
csv/uep001_run5.csv,csv/uep001_run5_block2.csv,2,4.0,0,134.352105887,2,4,5.04439400755,-22.0,-19.0,1,RS,145.047599131,2.0,0,uep001,1,5,2.65109923602,2.0,0,0,0,0,0,1,1,1,0,0,0,0,,,,,Wed Jul 25 20:12:01 2018,134.348152161,135.589138031,135.589603186,1.20138382912,5.80745580054,-0.0355543778969,138.272646189,138.273147106,139.273425102,139.273684978,Wed Jul 25 20:12:12 2018,145.037981987,2.0,2,0,1.20138382912,001,uep001_2,60.020062477,uncertaintyExperiment,Wed Jul 25 20:09:47 2018,2018_Jul_25_2009,scan,Wed Jul 25 20:09:11 2018,
csv/uep001_run5.csv,csv/uep001_run5_block2.csv,2,4.0,0,145.047599131,2,4,5.57609654744,-22.0,-22.0,2,RS,156.397087687,2.0,0,uep001,1,5,2.77339200934,2.0,0,0,0,0,0,1,1,1,0,1,1,1,,,,,Wed Jul 25 20:12:12 2018,145.040915012,145.386708975,145.387057066,0.304527044296,7.23708564696,-0.0344838561856,148.186305046,148.186712027,149.18693614,149.1871171,Wed Jul 25 20:12:24 2018,156.367797136,-22.0,1,0,0.304527044296,001,uep001_2,60.020062477,uncertaintyExperiment,Wed Jul 25 20:09:47 2018,2018_Jul_25_2009,scan,Wed Jul 25 20:09:11 2018,
csv/uep001_run5.csv,csv/uep001_run5_block2.csv,2,4.0,0,156.397087687,2,4,5.66615698564,-22.0,-27.0,3,RS,166.353247893,2.0,0,uep001,1,5,1.29000321998,2.0,0,0,0,0,0,1,1,1,0,2,2,2,,,,,Wed Jul 25 20:12:24 2018,156.370325089,156.900003195,156.900346994,0.48744893074,7.16333350784,-0.0153745470666,158.216813087,158.217221022,159.217442036,159.217622995,Wed Jul 25 20:12:33 2018,166.331863165,2.0,2,0,0.48744893074,001,uep001_2,60.020062477,uncertaintyExperiment,Wed Jul 25 20:09:47 2018,2018_Jul_25_2009,scan,Wed Jul 25 20:09:11 2018,
csv/uep001_run5.csv,csv/uep001_run5_block2.csv,2,4.0,0,166.353247893,2,4,6.38276147774,-22.0,-25.0,4,RS,177.513502059,2.0,0,uep001,1,5,1.77749268791,2.0,0,0,0,0,0,1,1,1,0,3,3,3,,,,,Wed Jul 25 20:12:33 2018,166.33425498,166.814048052,166.814409971,0.438050985336,7.92205620956,-0.0226542828522,168.613873005,168.614277124,169.614478111,169.614658117,Wed Jul 25 20:12:45 2018,177.495169163,2.0,2,0,0.438050985336,001,uep001_2,60.020062477,uncertaintyExperiment,Wed Jul 25 20:09:47 2018,2018_Jul_25_2009,scan,Wed Jul 25 20:09:11 2018,
csv/uep001_run5.csv,csv/uep001_run5_block2.csv,2,4.0,0,177.513502059,2,4,5.73538711841,-22.0,-23.0,5,RS,189.15440722,2.0,0,uep001,1,5,2.9055180431,2.0,0,0,0,0,0,1,1,1,0,4,4,4,,,,,Wed Jul 25 20:12:45 2018,177.497619152,177.944039106,177.944399118,0.404448986053,7.30494519976,-0.025992932598,180.877074003,180.877473116,181.877672195,181.877849102,Wed Jul 25 20:12:56 2018,189.12512207,2.0,2,0,0.404448986053,001,uep001_2,60.020062477,uncertaintyExperiment,Wed Jul 25 20:09:47 2018,2018_Jul_25_2009,scan,Wed Jul 25 20:09:11 2018,
csv/uep001_run5.csv,csv/uep001_run5_block2.csv,2,4.0,0,189.15440722,2,4,6.64510578406,-22.0,-14.0,6,RS,201.163578673,2.0,0,uep001,1,5,2.36406566906,2.0,0,0,0,0,0,1,1,1,0,5,5,5,,,,,Wed Jul 25 20:12:56 2018,189.127521992,189.707324982,189.707664013,0.537580966949,8.09228291317,-0.0152419039327,192.090527058,192.090929985,193.091130018,193.091309071,Wed Jul 25 20:13:08 2018,201.154021025,2.0,2,0,0.537580966949,001,uep001_2,60.020062477,uncertaintyExperiment,Wed Jul 25 20:09:47 2018,2018_Jul_25_2009,scan,Wed Jul 25 20:09:11 2018,
csv/uep001_run5.csv,csv/uep001_run5_block2.csv,2,4.0,0,201.163578673,2,4,6.67990030908,-22.0,-27.0,7,RS,212.446439579,2.0,0,uep001,1,5,1.60296059687,2.0,0,0,0,0,0,1,1,1,0,6,6,6,,,,,Wed Jul 25 20:13:08 2018,201.15657115,201.687314987,201.687657118,0.487631082535,8.15625697847,-0.0360122480759,203.320140123,203.320502043,204.320698977,204.320873976,Wed Jul 25 20:13:20 2018,212.435964108,2.0,2,0,0.487631082535,001,uep001_2,60.020062477,uncertaintyExperiment,Wed Jul 25 20:09:47 2018,2018_Jul_25_2009,scan,Wed Jul 25 20:09:11 2018,
csv/uep001_run5.csv,csv/uep001_run5_block2.csv,2,4.0,0,212.446439579,2,4,6.49277075186,-22.0,-15.0,8,RS,224.699188531,2.0,0,uep001,1,5,2.75997819987,2.0,0,0,0,0,0,1,1,1,0,7,7,7,,,,,Wed Jul 25 20:13:20 2018,212.438351154,212.934003115,212.934357166,0.453758001328,8.00530115336,-0.0337115971746,215.716653109,215.717022181,216.717219114,216.717394114,Wed Jul 25 20:13:32 2018,224.682437181,2.0,2,0,0.453758001328,001,uep001_2,60.020062477,uncertaintyExperiment,Wed Jul 25 20:09:47 2018,2018_Jul_25_2009,scan,Wed Jul 25 20:09:11 2018,
csv/uep001_run5.csv,csv/uep001_run5_block2.csv,2,4.0,0,224.699188531,2,4,5.95843036133,-22.0,-31.0,9,RS,236.403115944,2.0,0,uep001,1,5,2.74549705212,2.0,0,0,0,0,0,1,1,1,0,8,8,8,,,,,Wed Jul 25 20:13:32 2018,224.68484807,225.097262144,225.097606182,0.371245145798,7.56044973149,-0.0267354840366,227.863144159,227.863516092,228.863712072,228.863888979,Wed Jul 25 20:13:44 2018,236.395652056,2.0,2,0,0.371245145798,001,uep001_2,60.020062477,uncertaintyExperiment,Wed Jul 25 20:09:47 2018,2018_Jul_25_2009,scan,Wed Jul 25 20:09:11 2018,
csv/uep001_run5.csv,csv/uep001_run5_block2.csv,2,4.0,0,236.403115944,2,4,5.68272444306,-22.0,-18.0,10,RS,246.411122612,2.0,0,uep001,1,5,1.32528222448,2.0,0,0,0,0,0,1,1,1,0,9,9,9,,,,,Wed Jul 25 20:13:44 2018,236.398076057,236.993736029,236.994158983,0.552449941635,7.09220735568,-0.0380671457518,238.34325099,238.343631029,239.343958139,239.344156981,Wed Jul 25 20:13:54 2018,246.392935038,2.0,2,0,0.552449941635,001,uep001_2,60.020062477,uncertaintyExperiment,Wed Jul 25 20:09:47 2018,2018_Jul_25_2009,scan,Wed Jul 25 20:09:11 2018,
csv/uep001_run5.csv,csv/uep001_run5_block2.csv,,,,,,,,,,,,,,,,,,,,0,0,0,0,0,1,1,1,,,,,,,,,,,,,,,,,,,,,,,,,,001,uep001_2,60.020062477,uncertaintyExperiment,Wed Jul 25 20:09:47 2018,2018_Jul_25_2009,scan,Wed Jul 25 20:09:11 2018,
csv/uep001_run5.csv,csv/uep001_run5_block3.csv,3,4.0,4.0,252.411122612,2,1,5.35768655603,5.0,7.0,1,RR,263.115527621,11.0,3,uep001,1,5,2.34671845258,11.0,0,0,0,0,0,2,2,2,0,0,0,0,,,,,Wed Jul 25 20:14:00 2018,252.413236141,253.389086962,253.389563084,0.938918828964,6.37987717836,-0.0388905487052,255.771824121,255.772298098,256.772578001,256.772837162,Wed Jul 25 20:14:10 2018,263.104199171,7.0,1,0,0.938918828964,001,uep001_2,60.020062477,uncertaintyExperiment,Wed Jul 25 20:09:47 2018,2018_Jul_25_2009,scan,Wed Jul 25 20:09:11 2018,
csv/uep001_run5.csv,csv/uep001_run5_block3.csv,3,4.0,4.0,263.115527621,2,1,5.35082051265,5.0,-6.0,2,RR,274.048356836,11.0,3,uep001,1,5,2.5820087023,13.0,0,0,0,0,0,2,2,2,0,1,1,1,,,,,Wed Jul 25 20:14:10 2018,263.107131004,263.586244106,263.586583138,0.437073945999,6.88019796388,-0.0335486027692,266.20222497,266.202589989,267.202790022,267.202967167,Wed Jul 25 20:14:21 2018,274.034281015,13.0,2,0,0.437073945999,001,uep001_2,60.020062477,uncertaintyExperiment,Wed Jul 25 20:09:47 2018,2018_Jul_25_2009,scan,Wed Jul 25 20:09:11 2018,
csv/uep001_run5.csv,csv/uep001_run5_block3.csv,3,4.0,4.0,274.048356836,2,1,5.36789560989,5.0,8.0,3,RR,283.948526736,11.0,3,uep001,1,5,1.53227429008,8.0,0,0,0,0,0,2,2,2,0,2,2,2,,,,,Wed Jul 25 20:14:21 2018,274.036666155,274.449781179,274.450121164,0.371120929718,6.9665673487,-0.0302073314668,276.016026974,276.016407013,277.016605139,277.016796112,Wed Jul 25 20:14:31 2018,283.93137002,8.0,2,0,0.371120929718,001,uep001_2,60.020062477,uncertaintyExperiment,Wed Jul 25 20:09:47 2018,2018_Jul_25_2009,scan,Wed Jul 25 20:09:11 2018,
csv/uep001_run5.csv,csv/uep001_run5_block3.csv,3,4.0,4.0,283.948526736,2,1,6.68581208703,5.0,1.0,4,RR,295.236176428,11.0,3,uep001,1,5,1.60183760542,9.0,0,0,0,0,0,2,2,2,0,3,3,3,,,,,Wed Jul 25 20:14:31 2018,283.933748007,284.396967173,284.397309065,0.420922994614,8.23746677895,-0.0274223134734,286.029885054,286.030249119,287.030447006,287.030626059,Wed Jul 25 20:14:42 2018,295.211776018,9.0,2,0,0.420922994614,001,uep001_2,60.020062477,uncertaintyExperiment,Wed Jul 25 20:09:47 2018,2018_Jul_25_2009,scan,Wed Jul 25 20:09:11 2018,
csv/uep001_run5.csv,csv/uep001_run5_block3.csv,3,4.0,4.0,295.236176428,2,1,5.02159170778,5.0,6.0,5,RR,306.11935207,11.0,3,uep001,1,5,2.86158393468,20.0,0,0,0,0,0,2,2,2,0,4,4,4,,,,,Wed Jul 25 20:14:42 2018,295.214169025,295.793775082,295.79413414,0.535746097565,6.46409199784,-0.0217536123801,298.676766157,298.677183151,299.677383184,299.677561045,Wed Jul 25 20:14:53 2018,306.108488083,20.0,2,0,0.535746097565,001,uep001_2,60.020062477,uncertaintyExperiment,Wed Jul 25 20:09:47 2018,2018_Jul_25_2009,scan,Wed Jul 25 20:09:11 2018,
csv/uep001_run5.csv,csv/uep001_run5_block3.csv,3,4.0,4.0,306.11935207,2,1,5.27633951101,5.0,3.0,6,RR,317.149441851,11.0,3,uep001,1,5,2.75375027005,8.0,0,0,0,0,0,2,2,2,0,5,5,5,,,,,Wed Jul 25 20:14:53 2018,306.110927105,306.607331991,306.607673168,0.454399824142,6.78845161983,-0.0334880670398,309.390334129,309.390742064,310.391034126,310.39121604,Wed Jul 25 20:15:04 2018,317.122025967,8.0,2,0,0.454399824142,001,uep001_2,60.020062477,uncertaintyExperiment,Wed Jul 25 20:09:47 2018,2018_Jul_25_2009,scan,Wed Jul 25 20:09:11 2018,
csv/uep001_run5.csv,csv/uep001_run5_block3.csv,3,4.0,4.0,317.149441851,2,1,5.44925782095,5.0,5.0,7,RR,327.326993814,11.0,3,uep001,1,5,1.72829414172,4.0,0,0,0,0,0,2,2,2,0,6,6,6,,,,,Wed Jul 25 20:15:04 2018,317.124629021,317.770727158,317.77106905,0.537088155746,6.82806263707,-0.0841070281257,319.520763159,319.521164179,320.521360159,320.521533966,Wed Jul 25 20:15:14 2018,327.252312183,4.0,2,0,0.537088155746,001,uep001_2,60.020062477,uncertaintyExperiment,Wed Jul 25 20:09:47 2018,2018_Jul_25_2009,scan,Wed Jul 25 20:09:11 2018,
csv/uep001_run5.csv,csv/uep001_run5_block3.csv,3,4.0,4.0,327.326993814,2,1,5.93566454837,5.0,3.0,8,RR,338.544204741,11.0,3,uep001,1,5,2.28154637875,11.0,0,0,0,0,0,2,2,2,0,7,7,7,,,,,Wed Jul 25 20:15:14 2018,327.254678965,327.717880964,327.718219995,0.421095848083,7.54487228885,0.0303035885618,330.03445816,330.034862995,331.035062075,331.035238028,Wed Jul 25 20:15:26 2018,338.532516003,11.0,2,0,0.421095848083,001,uep001_2,60.020062477,uncertaintyExperiment,Wed Jul 25 20:09:47 2018,2018_Jul_25_2009,scan,Wed Jul 25 20:09:11 2018,
csv/uep001_run5.csv,csv/uep001_run5_block3.csv,3,4.0,4.0,338.544204741,2,1,4.95026244759,5.0,5.0,9,RR,348.763428652,11.0,3,uep001,1,5,2.26896146354,4.0,0,0,0,0,0,2,2,2,0,8,8,8,,,,,Wed Jul 25 20:15:26 2018,338.534896135,338.981482983,338.981780052,0.404635906219,6.51306812958,-0.0325584117908,341.281238079,341.281646967,342.2818501,342.282029152,Wed Jul 25 20:15:36 2018,348.746251106,4.0,2,0,0.404635906219,001,uep001_2,60.020062477,uncertaintyExperiment,Wed Jul 25 20:09:47 2018,2018_Jul_25_2009,scan,Wed Jul 25 20:09:11 2018,
csv/uep001_run5.csv,csv/uep001_run5_block3.csv,3,4.0,4.0,348.763428652,2,1,5.79660815412,5.0,0.0,10,RR,360.047292309,11.0,3,uep001,1,5,2.48725550201,11.0,0,0,0,0,0,2,2,2,0,9,9,9,,,,,Wed Jul 25 20:15:36 2018,348.748748064,349.14519906,349.145538092,0.354324102402,7.41493168301,-0.0273523687046,351.661663055,351.662069082,352.662271976,352.662450075,Wed Jul 25 20:15:47 2018,360.02610898,11.0,2,0,0.354324102402,001,uep001_2,60.020062477,uncertaintyExperiment,Wed Jul 25 20:09:47 2018,2018_Jul_25_2009,scan,Wed Jul 25 20:09:11 2018,
csv/uep001_run5.csv,csv/uep001_run5_block3.csv,,,,,,,,,,,,,,,,,,,,0,0,0,0,0,2,2,2,,,,,,,,,,,,,,,,,,,,,,,,,,001,uep001_2,60.020062477,uncertaintyExperiment,Wed Jul 25 20:09:47 2018,2018_Jul_25_2009,scan,Wed Jul 25 20:09:11 2018,
csv/uep001_run5.csv,csv/uep001_run5_block4.csv,4,0,0,366.047292309,2,7,5.82534175806,-12.0,-12.0,1,SS,376.741267775,-12.0,2,uep001,1,5,1.86863370889,-12.0,0,0,0,0,0,3,3,3,0,0,0,0,,,,,Wed Jul 25 20:15:53 2018,366.047440052,367.223237991,367.2237041,1.13887691498,6.64949001219,-0.0369748308936,369.122605085,369.123069048,370.123350143,370.123610973,Wed Jul 25 20:16:04 2018,376.72263217,-12.0,1,0,1.13887691498,001,uep001_2,60.020062477,uncertaintyExperiment,Wed Jul 25 20:09:47 2018,2018_Jul_25_2009,scan,Wed Jul 25 20:09:11 2018,
csv/uep001_run5.csv,csv/uep001_run5_block4.csv,4,0,0,376.741267775,2,7,5.13316285986,-12.0,-12.0,2,SS,387.663140498,-12.0,2,uep001,1,5,2.78870986313,-12.0,0,0,0,0,0,3,3,3,0,1,1,1,,,,,Wed Jul 25 20:16:04 2018,376.725589991,377.120577097,377.120913982,0.355222940445,6.75394866743,-0.0239912519854,379.936331987,379.936720133,380.936917067,380.937088966,Wed Jul 25 20:16:15 2018,387.652570009,-12.0,2,0,0.355222940445,001,uep001_2,60.020062477,uncertaintyExperiment,Wed Jul 25 20:09:47 2018,2018_Jul_25_2009,scan,Wed Jul 25 20:09:11 2018,
csv/uep001_run5.csv,csv/uep001_run5_block4.csv,4,0,0,387.663140498,2,7,5.43837725627,-12.0,-12.0,3,SS,398.978257551,-12.0,2,uep001,1,5,2.87673979637,-12.0,0,0,0,0,0,3,3,3,0,2,2,2,,,,,Wed Jul 25 20:16:15 2018,387.654978991,388.267384052,388.267724037,0.56698012352,6.8342276394,-0.0371694933454,391.166506052,391.166866064,392.16706419,392.167240143,Wed Jul 25 20:16:26 2018,398.949216127,-12.0,1,0,0.56698012352,001,uep001_2,60.020062477,uncertaintyExperiment,Wed Jul 25 20:09:47 2018,2018_Jul_25_2009,scan,Wed Jul 25 20:09:11 2018,
csv/uep001_run5.csv,csv/uep001_run5_block4.csv,4,0,0,398.978257551,2,7,5.97030450036,-12.0,-12.0,4,SS,410.068961306,-12.0,2,uep001,1,5,2.12039925415,-12.0,0,0,0,0,0,3,3,3,0,3,3,3,,,,,Wed Jul 25 20:16:26 2018,398.951614141,399.847328186,399.847671986,0.852481126785,7.10132994814,-0.0164934254344,401.996819973,401.997282982,402.997574091,402.997766972,Wed Jul 25 20:16:37 2018,410.046108961,-12.0,2,0,0.852481126785,001,uep001_2,60.020062477,uncertaintyExperiment,Wed Jul 25 20:09:47 2018,2018_Jul_25_2009,scan,Wed Jul 25 20:09:11 2018,
csv/uep001_run5.csv,csv/uep001_run5_block4.csv,4,0,0,410.068961306,2,7,5.42882501885,-12.0,-12.0,5,SS,419.679434565,-12.0,2,uep001,1,5,1.18164824008,-12.0,0,0,0,0,0,3,3,3,0,4,4,4,,,,,Wed Jul 25 20:16:37 2018,410.04855299,410.577481985,410.577854156,0.483674049377,6.92040614413,-0.0247448253441,411.793987036,411.794350147,412.794548988,412.794726133,Wed Jul 25 20:16:47 2018,419.660403013,-12.0,2,0,0.483674049377,001,uep001_2,60.020062477,uncertaintyExperiment,Wed Jul 25 20:09:47 2018,2018_Jul_25_2009,scan,Wed Jul 25 20:09:11 2018,
csv/uep001_run5.csv,csv/uep001_run5_block4.csv,4,0,0,419.679434565,2,7,5.48114921345,-12.0,-12.0,6,SS,429.884323437,-12.0,2,uep001,1,5,1.72373965878,-12.0,0,0,0,0,0,3,3,3,0,5,5,5,,,,,Wed Jul 25 20:16:47 2018,419.662827015,420.14173317,420.142080069,0.417109012604,7.01895265162,-0.0450875492326,421.891206026,421.891596079,422.891792059,422.891968012,Wed Jul 25 20:16:57 2018,429.840546131,-12.0,2,0,0.417109012604,001,uep001_2,60.020062477,uncertaintyExperiment,Wed Jul 25 20:09:47 2018,2018_Jul_25_2009,scan,Wed Jul 25 20:09:11 2018,
csv/uep001_run5.csv,csv/uep001_run5_block4.csv,4,0,0,429.884323437,2,7,5.7507739162,-12.0,-12.0,7,SS,441.546202032,-12.0,2,uep001,1,5,2.91110467907,-12.0,0,0,0,0,0,3,3,3,0,6,6,6,,,,,Wed Jul 25 20:16:57 2018,429.842987061,430.405354977,430.405693054,0.520934820175,7.22983535959,-3.73642928508e-06,433.33792305,433.338282108,434.338476181,434.33865118,Wed Jul 25 20:17:09 2018,441.53708601,-12.0,2,0,0.520934820175,001,uep001_2,60.020062477,uncertaintyExperiment,Wed Jul 25 20:09:47 2018,2018_Jul_25_2009,scan,Wed Jul 25 20:09:11 2018,
csv/uep001_run5.csv,csv/uep001_run5_block4.csv,4,0,0,441.546202032,2,7,5.04813429875,-12.0,-12.0,8,SS,451.897877029,-12.0,2,uep001,1,5,2.30354069769,-12.0,0,0,0,0,0,3,3,3,0,7,7,7,,,,,Wed Jul 25 20:17:09 2018,441.539498091,441.935196161,441.935535192,0.354066133499,6.65923434489,-0.0348338203579,444.266435146,444.266797066,445.266993046,445.267168999,Wed Jul 25 20:17:19 2018,451.884162188,-12.0,2,0,0.354066133499,001,uep001_2,60.020062477,uncertaintyExperiment,Wed Jul 25 20:09:47 2018,2018_Jul_25_2009,scan,Wed Jul 25 20:09:11 2018,
csv/uep001_run5.csv,csv/uep001_run5_block4.csv,4,0,0,451.897877029,2,7,6.39590721013,-12.0,-12.0,9,SS,464.177085758,-12.0,2,uep001,1,5,2.88330151912,-12.0,0,0,0,0,0,3,3,3,0,8,8,8,,,,,Wed Jul 25 20:17:19 2018,451.88655901,452.399015188,452.399358034,0.470851898193,7.89486417944,-0.0301911325046,455.314869165,455.315230131,456.315428019,456.315603971,Wed Jul 25 20:17:31 2018,464.164273977,-12.0,2,0,0.470851898193,001,uep001_2,60.020062477,uncertaintyExperiment,Wed Jul 25 20:09:47 2018,2018_Jul_25_2009,scan,Wed Jul 25 20:09:11 2018,
csv/uep001_run5.csv,csv/uep001_run5_block4.csv,4,0,0,464.177085758,2,7,5.75888335164,-12.0,-12.0,10,SS,474.0,-12.0,2,uep001,1,5,1.06403089061,-12.0,0,0,0,0,0,3,3,3,0,9,9,9,,,,,Wed Jul 25 20:17:31 2018,464.166831017,464.578602076,464.578958035,0.365477085114,7.35746097074,-0.0359452957872,465.678466082,465.678833008,466.679031134,466.679210186,Wed Jul 25 20:17:41 2018,473.994395018,-12.0,2,0,0.365477085114,001,uep001_2,60.020062477,uncertaintyExperiment,Wed Jul 25 20:09:47 2018,2018_Jul_25_2009,scan,Wed Jul 25 20:09:11 2018,
csv/uep001_run5.csv,csv/uep001_run5_block4.csv,,,,,,,,,,,,,,,,,,,,0,0,0,0,0,3,3,3,,,,,,,,,,,,,,,,,,,,,,,,,,001,uep001_2,60.020062477,uncertaintyExperiment,Wed Jul 25 20:09:47 2018,2018_Jul_25_2009,scan,Wed Jul 25 20:09:11 2018,
csv/uep001_run5.csv,,,,,,,,,,,,,,,,,,,,,0,0,0,0,,,,,,,,,,,,,,,,,,,,,,,,,,,,,,001,uep001_2,60.020062477,uncertaintyExperiment,Wed Jul 25 20:09:47 2018,2018_Jul_25_2009,scan,Wed Jul 25 20:09:11 2018,
csv/uep001_run6.csv,csv/uep001_run6_block1.csv,1,0,4.0,16.0,2,4,5.43965107143,2.0,2.0,1,SR,25.9013153685,6.0,3,uep001,1,6,1.46166429707,5.0,0,1,1,1,0,0,0,0,0,0,0,0,,,space,16.9661631584,Wed Jul 25 20:19:03 2018,17.0391690731,18.1482150555,18.1486608982,1.0681219101,5.29153114497,-1.07999801636,19.631565094,19.6320750713,20.6323580742,20.6326179504,Wed Jul 25 20:19:12 2018,25.8970820904,2.0,1,0,1.0681219101,001,uep001_2,60.020062477,uncertaintyExperiment,Wed Jul 25 20:18:46 2018,2018_Jul_25_2009,scan,Wed Jul 25 20:09:11 2018,
csv/uep001_run6.csv,csv/uep001_run6_block1.csv,1,0,4.0,25.9013153685,2,4,5.22207460345,2.0,2.0,2,SR,35.7113534865,6.0,3,uep001,1,6,1.58796351456,2.0,0,1,1,1,0,0,0,0,0,1,1,1,,,,,Wed Jul 25 20:19:12 2018,25.9233489037,26.3291230202,26.3294630051,0.370959997177,6.7943608887,-0.0567537175774,27.9452290535,27.9456150532,28.9458150864,28.945991993,Wed Jul 25 20:19:22 2018,35.7114760876,2.0,2,0,0.370959997177,001,uep001_2,60.020062477,uncertaintyExperiment,Wed Jul 25 20:18:46 2018,2018_Jul_25_2009,scan,Wed Jul 25 20:09:11 2018,
csv/uep001_run6.csv,csv/uep001_run6_block1.csv,1,0,4.0,35.7113534865,2,4,5.94780808529,2.0,2.0,3,SR,45.812712164,6.0,3,uep001,1,6,1.15355059221,4.0,0,1,1,1,0,0,0,0,0,2,2,2,,,,,Wed Jul 25 20:19:22 2018,35.7149579525,36.1596610546,36.1600039005,0.404266834259,7.49959659987,-0.0439446511555,37.3423039913,37.3426721096,38.3428680897,38.3430430889,Wed Jul 25 20:19:32 2018,45.7921030521,4.0,2,0,0.404266834259,001,uep001_2,60.020062477,uncertaintyExperiment,Wed Jul 25 20:18:46 2018,2018_Jul_25_2009,scan,Wed Jul 25 20:09:11 2018,
csv/uep001_run6.csv,csv/uep001_run6_block1.csv,1,0,4.0,45.812712164,2,4,5.96855138219,2.0,2.0,4,SR,56.4857910317,6.0,3,uep001,1,6,1.70452748553,8.0,0,1,1,1,0,0,0,0,0,3,3,3,,,,,Wed Jul 25 20:19:32 2018,45.7956240177,46.1570138931,46.1573569775,0.320554971695,7.62434049054,-0.0236559199529,47.8897740841,47.8901538849,48.8903510571,48.8905279636,Wed Jul 25 20:19:43 2018,56.4722371101,8.0,2,0,0.320554971695,001,uep001_2,60.020062477,uncertaintyExperiment,Wed Jul 25 20:18:46 2018,2018_Jul_25_2009,scan,Wed Jul 25 20:09:11 2018,
csv/uep001_run6.csv,csv/uep001_run6_block1.csv,1,0,4.0,56.4857910317,2,4,5.1831835124,2.0,2.0,5,SR,67.3049898577,6.0,3,uep001,1,6,2.63601531362,-0.0,0,1,1,1,0,0,0,0,0,4,4,4,,,,,Wed Jul 25 20:19:43 2018,56.4757530689,56.9203948975,56.9207370281,0.404193162918,6.7486726299,-0.0303177195796,59.5863358974,59.5867049694,60.5869050026,60.5870831013,Wed Jul 25 20:19:54 2018,67.2858879566,-0.0,2,0,0.404193162918,001,uep001_2,60.020062477,uncertaintyExperiment,Wed Jul 25 20:18:46 2018,2018_Jul_25_2009,scan,Wed Jul 25 20:09:11 2018,
csv/uep001_run6.csv,csv/uep001_run6_block1.csv,1,0,4.0,67.3049898577,2,4,6.14909677087,2.0,2.0,6,SR,79.3643897433,6.0,3,uep001,1,6,2.91030311473,6.0,0,1,1,1,0,0,0,0,0,5,5,5,,,,,Wed Jul 25 20:19:54 2018,67.2894001007,67.7006239891,67.7009680271,0.371365070343,7.75355967586,-0.0241720246653,70.6332380772,70.633603096,71.6338009834,71.6339790821,Wed Jul 25 20:20:06 2018,79.3490700722,6.0,2,0,0.371365070343,001,uep001_2,60.020062477,uncertaintyExperiment,Wed Jul 25 20:18:46 2018,2018_Jul_25_2009,scan,Wed Jul 25 20:09:11 2018,
csv/uep001_run6.csv,csv/uep001_run6_block1.csv,1,0,4.0,79.3643897433,2,4,7.11901915761,2.0,2.0,7,SR,91.2677064802,6.0,3,uep001,1,6,1.78429757929,2.0,0,1,1,1,0,0,0,0,0,6,6,6,,,,,Wed Jul 25 20:20:06 2018,79.3525340557,79.7469620705,79.7473080158,0.350292921066,8.73654195949,-0.0321842770505,81.5634200573,81.563783884,82.5639789104,82.564152956,Wed Jul 25 20:20:17 2018,91.2457668781,2.0,2,0,0.350292921066,001,uep001_2,60.020062477,uncertaintyExperiment,Wed Jul 25 20:18:46 2018,2018_Jul_25_2009,scan,Wed Jul 25 20:09:11 2018,
csv/uep001_run6.csv,csv/uep001_run6_block1.csv,1,0,4.0,91.2677064802,2,4,6.18962176503,2.0,2.0,8,SR,101.921339207,6.0,3,uep001,1,6,1.46401096151,11.0,0,1,1,1,0,0,0,0,0,7,7,7,,,,,Wed Jul 25 20:20:18 2018,91.2492630482,91.7105369568,91.7109029293,0.421106100082,7.74689333163,-0.0216223333159,93.1934390068,93.1938209534,94.1940178871,94.1941959858,Wed Jul 25 20:20:28 2018,101.909430981,11.0,2,0,0.421106100082,001,uep001_2,60.020062477,uncertaintyExperiment,Wed Jul 25 20:18:46 2018,2018_Jul_25_2009,scan,Wed Jul 25 20:09:11 2018,
csv/uep001_run6.csv,csv/uep001_run6_block1.csv,1,0,4.0,101.921339207,2,4,6.07030753417,2.0,2.0,9,SR,113.24389364,6.0,3,uep001,1,6,2.25224689886,2.0,0,1,1,1,0,0,0,0,0,8,8,8,,,,,Wed Jul 25 20:20:28 2018,101.912909985,102.357440948,102.357783079,0.404191017151,7.6342987757,-0.0318177413179,104.640059948,104.640424967,105.640623093,105.640798092,Wed Jul 25 20:20:39 2018,113.222729921,2.0,2,0,0.404191017151,001,uep001_2,60.020062477,uncertaintyExperiment,Wed Jul 25 20:18:46 2018,2018_Jul_25_2009,scan,Wed Jul 25 20:09:11 2018,
csv/uep001_run6.csv,csv/uep001_run6_block1.csv,1,0,4.0,113.24389364,2,4,6.43311513142,2.0,2.0,10,SR,124.538339719,6.0,3,uep001,1,6,1.86133094753,7.0,0,1,1,1,0,0,0,0,0,9,9,9,,,,,Wed Jul 25 20:20:39 2018,113.226268053,113.737487078,113.737833023,0.470753908157,7.93961586885,-0.0227453544146,115.62036109,115.620722055,116.620919943,116.621097088,Wed Jul 25 20:20:51 2018,124.519476891,7.0,2,0,0.470753908157,001,uep001_2,60.020062477,uncertaintyExperiment,Wed Jul 25 20:18:46 2018,2018_Jul_25_2009,scan,Wed Jul 25 20:09:11 2018,
csv/uep001_run6.csv,csv/uep001_run6_block1.csv,,,,,,,,,,,,,,,,,,,,0,1,1,1,0,0,0,0,,,,,,,,,,,,,,,,,,,,,,,,,,001,uep001_2,60.020062477,uncertaintyExperiment,Wed Jul 25 20:18:46 2018,2018_Jul_25_2009,scan,Wed Jul 25 20:09:11 2018,
csv/uep001_run6.csv,csv/uep001_run6_block2.csv,2,4.0,0,130.538339719,2,2,6.13209790658,6.0,9.0,1,RS,140.777174238,4.0,7,uep001,1,6,1.10673661311,4.0,0,1,1,1,0,1,1,1,0,0,0,0,,,,,Wed Jul 25 20:20:57 2018,130.53968811,131.515923023,131.516370058,0.935034990311,7.15460663167,-0.0424562845958,132.648909092,132.649375916,133.649657965,133.649915934,Wed Jul 25 20:21:07 2018,140.748290062,9.0,1,0,0.935034990311,001,uep001_2,60.020062477,uncertaintyExperiment,Wed Jul 25 20:18:46 2018,2018_Jul_25_2009,scan,Wed Jul 25 20:09:11 2018,
csv/uep001_run6.csv,csv/uep001_run6_block2.csv,2,4.0,0,140.777174238,2,2,6.82640910888,6.0,5.0,2,RS,152.34735443,4.0,7,uep001,1,6,1.74377108225,4.0,0,1,1,1,0,1,1,1,0,1,1,1,,,,,Wed Jul 25 20:21:07 2018,140.753139019,141.212990999,141.21333003,0.421078920364,8.39068723869,-0.0146429498255,142.977757931,142.97812295,143.978321075,143.978518963,Wed Jul 25 20:21:19 2018,152.344486952,4.0,2,0,0.421078920364,001,uep001_2,60.020062477,uncertaintyExperiment,Wed Jul 25 20:18:46 2018,2018_Jul_25_2009,scan,Wed Jul 25 20:09:11 2018,
csv/uep001_run6.csv,csv/uep001_run6_block2.csv,2,4.0,0,152.34735443,2,2,6.75572356047,6.0,4.0,3,RS,163.410137164,4.0,7,uep001,1,6,1.30705917396,4.0,0,1,1,1,0,1,1,1,0,2,2,2,,,,,Wed Jul 25 20:21:19 2018,152.348505974,152.726351976,152.726692915,0.337626934052,8.37681899689,-0.0412776295306,154.059401035,154.059762001,155.059958935,155.060133934,Wed Jul 25 20:21:30 2018,163.408395052,4.0,1,0,0.337626934052,001,uep001_2,60.020062477,uncertaintyExperiment,Wed Jul 25 20:18:46 2018,2018_Jul_25_2009,scan,Wed Jul 25 20:09:11 2018,
csv/uep001_run6.csv,csv/uep001_run6_block2.csv,2,4.0,0,163.410137164,2,2,6.11132974439,6.0,11.0,4,RS,174.740855034,4.0,7,uep001,1,6,2.21938812546,4.0,0,1,1,1,0,1,1,1,0,3,3,3,,,,,Wed Jul 25 20:21:30 2018,163.413547993,163.956509113,163.956849098,0.500320911407,7.56505101674,-0.0459578162407,166.205842972,166.206207991,167.206429005,167.206604958,Wed Jul 25 20:21:41 2018,174.721958876,11.0,1,0,0.500320911407,001,uep001_2,60.020062477,uncertaintyExperiment,Wed Jul 25 20:18:46 2018,2018_Jul_25_2009,scan,Wed Jul 25 20:09:11 2018,
csv/uep001_run6.csv,csv/uep001_run6_block2.csv,2,4.0,0,174.740855034,2,2,5.75875531188,6.0,8.0,5,RS,185.173973104,4.0,7,uep001,1,6,1.67436275874,4.0,0,1,1,1,0,1,1,1,0,4,4,4,,,,,Wed Jul 25 20:21:41 2018,174.725625992,175.13685894,175.137231112,0.370934009552,7.36285630977,-0.0249649925516,176.836246967,176.83663702,177.836834908,177.837013006,Wed Jul 25 20:21:51 2018,185.16898489,8.0,1,0,0.370934009552,001,uep001_2,60.020062477,uncertaintyExperiment,Wed Jul 25 20:18:46 2018,2018_Jul_25_2009,scan,Wed Jul 25 20:09:11 2018,
csv/uep001_run6.csv,csv/uep001_run6_block2.csv,2,4.0,0,185.173973104,2,2,5.94148486244,6.0,8.0,6,RS,196.716522238,4.0,7,uep001,1,6,2.60106427126,4.0,0,1,1,1,0,1,1,1,0,5,5,5,,,,,Wed Jul 25 20:21:51 2018,185.172506094,185.533770084,185.534110069,0.320907115936,7.5817799121,-0.0387978344048,188.166261911,188.16662693,189.16682601,189.167002916,Wed Jul 25 20:22:03 2018,196.698904037,8.0,1,0,0.320907115936,001,uep001_2,60.020062477,uncertaintyExperiment,Wed Jul 25 20:18:46 2018,2018_Jul_25_2009,scan,Wed Jul 25 20:09:11 2018,
csv/uep001_run6.csv,csv/uep001_run6_block2.csv,2,4.0,0,196.716522238,2,2,6.24846946701,6.0,3.0,7,RS,207.107319947,4.0,7,uep001,1,6,1.14232824194,4.0,0,1,1,1,0,1,1,1,0,6,6,6,,,,,Wed Jul 25 20:22:03 2018,196.702400923,197.347016096,197.347358942,0.604380846024,7.61806978441,-0.0260188365781,198.513339043,198.513703108,199.513900995,199.514079094,Wed Jul 25 20:22:13 2018,207.09590888,3.0,1,0,0.604380846024,001,uep001_2,60.020062477,uncertaintyExperiment,Wed Jul 25 20:18:46 2018,2018_Jul_25_2009,scan,Wed Jul 25 20:09:11 2018,
csv/uep001_run6.csv,csv/uep001_run6_block2.csv,2,4.0,0,207.107319947,2,2,5.88102492971,6.0,-2.0,8,RS,217.503716406,4.0,7,uep001,1,6,1.5153715294,4.0,0,1,1,1,0,1,1,1,0,7,7,7,,,,,Wed Jul 25 20:22:13 2018,207.099421024,207.643798113,207.644143105,0.500438928604,7.34463879354,-0.0359472075679,209.193598032,209.193964958,210.194164991,210.194344044,Wed Jul 25 20:22:24 2018,217.493021011,-2.0,1,0,0.500438928604,001,uep001_2,60.020062477,uncertaintyExperiment,Wed Jul 25 20:18:46 2018,2018_Jul_25_2009,scan,Wed Jul 25 20:09:11 2018,
csv/uep001_run6.csv,csv/uep001_run6_block2.csv,2,4.0,0,217.503716406,2,2,5.67349176759,6.0,5.0,9,RS,228.992804151,4.0,7,uep001,1,6,2.81559597713,4.0,0,1,1,1,0,1,1,1,0,8,8,8,,,,,Wed Jul 25 20:22:24 2018,217.496511936,217.957890034,217.95825696,0.42108297348,7.21941922959,-0.0329895645242,220.806999922,220.807387114,221.807584047,221.807761908,Wed Jul 25 20:22:35 2018,228.973004103,5.0,1,0,0.42108297348,001,uep001_2,60.020062477,uncertaintyExperiment,Wed Jul 25 20:18:46 2018,2018_Jul_25_2009,scan,Wed Jul 25 20:09:11 2018,
csv/uep001_run6.csv,csv/uep001_run6_block2.csv,2,4.0,0,228.992804151,2,2,6.41767362978,6.0,4.0,10,RS,239.71737364,4.0,7,uep001,1,6,1.30689585975,4.0,0,1,1,1,0,1,1,1,0,9,9,9,,,,,Wed Jul 25 20:22:35 2018,228.976494074,229.437855005,229.438199997,0.420982837677,7.97271575872,-0.0239750333819,230.77086401,230.771230936,231.771432877,231.771610975,Wed Jul 25 20:22:46 2018,239.703221083,4.0,1,0,0.420982837677,001,uep001_2,60.020062477,uncertaintyExperiment,Wed Jul 25 20:18:46 2018,2018_Jul_25_2009,scan,Wed Jul 25 20:09:11 2018,
csv/uep001_run6.csv,csv/uep001_run6_block2.csv,,,,,,,,,,,,,,,,,,,,0,1,1,1,0,1,1,1,,,,,,,,,,,,,,,,,,,,,,,,,,001,uep001_2,60.020062477,uncertaintyExperiment,Wed Jul 25 20:18:46 2018,2018_Jul_25_2009,scan,Wed Jul 25 20:09:11 2018,
csv/uep001_run6.csv,csv/uep001_run6_block3.csv,3,0,0,245.71737364,2,6,6.52478908654,-9.0,-9.0,1,SS,256.66961763,-0.0,5,uep001,1,6,1.4274549027,-0.0,0,1,1,1,0,2,2,2,0,0,0,0,,,,,Wed Jul 25 20:22:52 2018,245.724411011,247.248817921,247.249260902,1.48862290382,6.99343778959,-0.042728393127,248.699042082,248.699510098,249.699791908,249.700051069,Wed Jul 25 20:23:03 2018,256.663395882,-0.0,2,0,1.48862290382,001,uep001_2,60.020062477,uncertaintyExperiment,Wed Jul 25 20:18:46 2018,2018_Jul_25_2009,scan,Wed Jul 25 20:09:11 2018,
csv/uep001_run6.csv,csv/uep001_run6_block3.csv,3,0,0,256.66961763,2,6,6.06090082622,-9.0,-9.0,2,SS,268.024718901,-0.0,5,uep001,1,6,2.29420044468,-0.0,0,1,1,1,0,2,2,2,0,1,1,1,,,,,Wed Jul 25 20:23:03 2018,256.668051958,257.063355923,257.063702106,0.354324102402,7.66725742384,-0.0393192999775,259.379831076,259.380237103,260.380439997,260.380620956,Wed Jul 25 20:23:14 2018,268.015589952,-9.0,1,0,0.354324102402,001,uep001_2,60.020062477,uncertaintyExperiment,Wed Jul 25 20:18:46 2018,2018_Jul_25_2009,scan,Wed Jul 25 20:09:11 2018,
csv/uep001_run6.csv,csv/uep001_run6_block3.csv,3,0,0,268.024718901,2,6,5.54343643531,-9.0,-9.0,3,SS,279.009494925,-0.0,5,uep001,1,6,2.44133958858,-0.0,0,1,1,1,0,2,2,2,0,2,2,2,,,,,Wed Jul 25 20:23:14 2018,268.019301891,268.610024929,268.610388041,0.554317951202,6.95822839693,-0.0308900871817,271.076504946,271.07691288,272.077114105,272.077292919,Wed Jul 25 20:23:25 2018,279.007978916,-0.0,2,0,0.554317951202,001,uep001_2,60.020062477,uncertaintyExperiment,Wed Jul 25 20:18:46 2018,2018_Jul_25_2009,scan,Wed Jul 25 20:09:11 2018,
csv/uep001_run6.csv,csv/uep001_run6_block3.csv,3,0,0,279.009494925,2,6,6.51415600759,-9.0,-9.0,4,SS,290.244450154,-0.0,5,uep001,1,6,1.72079922205,-0.0,0,1,1,1,0,2,2,2,0,3,3,3,,,,,Wed Jul 25 20:23:25 2018,279.011501074,279.423510075,279.423855066,0.371068000793,8.10023288706,-0.0428551197323,281.173541069,281.173952103,282.17415309,282.174351931,Wed Jul 25 20:23:36 2018,290.221509933,-0.0,2,0,0.371068000793,001,uep001_2,60.020062477,uncertaintyExperiment,Wed Jul 25 20:18:46 2018,2018_Jul_25_2009,scan,Wed Jul 25 20:09:11 2018,
csv/uep001_run6.csv,csv/uep001_run6_block3.csv,3,0,0,290.244450154,2,6,5.75781372406,-9.0,-9.0,5,SS,301.708060943,-0.0,5,uep001,1,6,2.70579706435,-0.0,0,1,1,1,0,2,2,2,0,4,4,4,,,,,Wed Jul 25 20:23:36 2018,290.225045919,290.803597927,290.803940058,0.537488937378,7.1987579807,-0.0215668059821,293.534580946,293.534943104,294.535137892,294.535315037,Wed Jul 25 20:23:48 2018,301.68562603,-0.0,2,0,0.537488937378,001,uep001_2,60.020062477,uncertaintyExperiment,Wed Jul 25 20:18:46 2018,2018_Jul_25_2009,scan,Wed Jul 25 20:09:11 2018,
csv/uep001_run6.csv,csv/uep001_run6_block3.csv,3,0,0,301.708060943,2,6,5.98069791853,-9.0,-9.0,6,SS,312.116157784,-0.0,5,uep001,1,6,1.42739892276,-0.0,0,1,1,1,0,2,2,2,0,5,5,5,,,,,Wed Jul 25 20:23:48 2018,301.689117908,302.116703033,302.11706996,0.387537956238,7.57215286402,-0.0210070982749,303.566663027,303.567048073,304.56737709,304.567569971,Wed Jul 25 20:23:58 2018,312.097342014,-0.0,2,0,0.387537956238,001,uep001_2,60.020062477,uncertaintyExperiment,Wed Jul 25 20:18:46 2018,2018_Jul_25_2009,scan,Wed Jul 25 20:09:11 2018,
csv/uep001_run6.csv,csv/uep001_run6_block3.csv,3,0,0,312.116157784,2,6,7.00975300327,-9.0,-9.0,7,SS,324.824937174,-0.0,5,uep001,1,6,2.69902638699,-0.0,0,1,1,1,0,2,2,2,0,6,6,6,,,,,Wed Jul 25 20:23:58 2018,312.099982977,312.530822039,312.531163931,0.387699127197,8.59518077806,-0.0268730980165,315.263451099,315.263817072,316.264014959,316.264189959,Wed Jul 25 20:24:11 2018,324.810827017,-0.0,2,0,0.387699127197,001,uep001_2,60.020062477,uncertaintyExperiment,Wed Jul 25 20:18:46 2018,2018_Jul_25_2009,scan,Wed Jul 25 20:09:11 2018,
csv/uep001_run6.csv,csv/uep001_run6_block3.csv,3,0,0,324.824937174,2,6,6.52422859137,-9.0,-9.0,8,SS,336.822935832,-0.0,5,uep001,1,6,2.4737700665,-0.0,0,1,1,1,0,2,2,2,0,7,7,7,,,,,Wed Jul 25 20:24:11 2018,324.814446926,325.260420084,325.260766029,0.404344081879,8.08884081052,-0.0310436989792,327.759757996,327.760117054,328.760314941,328.760490894,Wed Jul 25 20:24:23 2018,336.790405989,-0.0,2,0,0.404344081879,001,uep001_2,60.020062477,uncertaintyExperiment,Wed Jul 25 20:18:46 2018,2018_Jul_25_2009,scan,Wed Jul 25 20:09:11 2018,
csv/uep001_run6.csv,csv/uep001_run6_block3.csv,3,0,0,336.822935832,2,6,6.76296910836,-9.0,-9.0,9,SS,348.411686463,-0.0,5,uep001,1,6,1.82578152294,-0.0,0,1,1,1,0,2,2,2,0,8,8,8,,,,,Wed Jul 25 20:24:23 2018,336.793009996,337.273796082,337.274142027,0.437927007675,8.31220398783,-0.0128381128544,339.123368979,339.123735905,340.123934031,340.124109983,Wed Jul 25 20:24:35 2018,348.405390978,-0.0,2,0,0.437927007675,001,uep001_2,60.020062477,uncertaintyExperiment,Wed Jul 25 20:18:46 2018,2018_Jul_25_2009,scan,Wed Jul 25 20:09:11 2018,
csv/uep001_run6.csv,csv/uep001_run6_block3.csv,3,0,0,348.411686463,2,6,5.25318125993,-9.0,-9.0,10,SS,359.500226672,-0.0,5,uep001,1,6,2.83535894903,-0.0,0,1,1,1,0,2,2,2,0,9,9,9,,,,,Wed Jul 25 20:24:35 2018,348.408951998,348.853708029,348.854044914,0.404089927673,6.81125267769,-0.0378386545754,351.719470978,351.719835997,352.720031977,352.720208883,Wed Jul 25 20:24:46 2018,359.485743046,-0.0,2,0,0.404089927673,001,uep001_2,60.020062477,uncertaintyExperiment,Wed Jul 25 20:18:46 2018,2018_Jul_25_2009,scan,Wed Jul 25 20:09:11 2018,
csv/uep001_run6.csv,csv/uep001_run6_block3.csv,,,,,,,,,,,,,,,,,,,,0,1,1,1,0,2,2,2,,,,,,,,,,,,,,,,,,,,,,,,,,001,uep001_2,60.020062477,uncertaintyExperiment,Wed Jul 25 20:18:46 2018,2018_Jul_25_2009,scan,Wed Jul 25 20:09:11 2018,
csv/uep001_run6.csv,csv/uep001_run6_block4.csv,4,4.0,4.0,365.500226672,2,1,5.55175740155,3.0,0.0,1,RR,375.637838975,15.0,0,uep001,1,6,1.58585490149,14.0,0,1,1,1,0,3,3,3,0,0,0,0,,,,,Wed Jul 25 20:24:52 2018,365.506098032,366.431941032,366.432385921,0.88883805275,6.62013817042,-0.0427811783847,368.048224926,368.048691988,369.048994064,369.049253941,Wed Jul 25 20:25:02 2018,375.612812042,0.0,1,0,0.88883805275,001,uep001_2,60.020062477,uncertaintyExperiment,Wed Jul 25 20:18:46 2018,2018_Jul_25_2009,scan,Wed Jul 25 20:09:11 2018,
csv/uep001_run6.csv,csv/uep001_run6_block4.csv,4,4.0,4.0,375.637838975,2,1,5.84797773887,3.0,2.0,2,RR,386.027423969,15.0,0,uep001,1,6,1.54160725503,17.0,0,1,1,1,0,3,3,3,0,1,1,1,,,,,Wed Jul 25 20:25:02 2018,375.615427017,376.162529945,376.162873983,0.50493311882,7.3233816594,-0.0196629606529,377.728842974,377.72922802,378.729429007,378.729607105,Wed Jul 25 20:25:12 2018,386.011642933,17.0,2,0,0.50493311882,001,uep001_2,60.020062477,uncertaintyExperiment,Wed Jul 25 20:18:46 2018,2018_Jul_25_2009,scan,Wed Jul 25 20:09:11 2018,
csv/uep001_run6.csv,csv/uep001_run6_block4.csv,4,4.0,4.0,386.027423969,2,1,5.15862427638,3.0,3.0,3,RR,395.972167675,15.0,0,uep001,1,6,1.78611942897,7.0,0,1,1,1,0,3,3,3,0,2,2,2,,,,,Wed Jul 25 20:25:12 2018,386.014967918,386.392922878,386.393281937,0.33761715889,6.79322717205,-0.0277799454401,388.20915699,388.209527016,389.209722996,389.209897995,Wed Jul 25 20:25:22 2018,395.95865798,7.0,2,0,0.33761715889,001,uep001_2,60.020062477,uncertaintyExperiment,Wed Jul 25 20:18:46 2018,2018_Jul_25_2009,scan,Wed Jul 25 20:09:11 2018,
csv/uep001_run6.csv,csv/uep001_run6_block4.csv,4,4.0,4.0,395.972167675,2,1,6.3310557266,3.0,8.0,4,RR,406.474199571,15.0,0,uep001,1,6,1.17097616991,19.0,0,1,1,1,0,3,3,3,0,3,3,3,,,,,Wed Jul 25 20:25:22 2018,395.962240934,396.390121937,396.390463114,0.387462854385,7.91319540127,-0.0303974709461,397.589745998,397.590126991,398.590322971,398.590497017,Wed Jul 25 20:25:33 2018,406.455585003,19.0,2,0,0.387462854385,001,uep001_2,60.020062477,uncertaintyExperiment,Wed Jul 25 20:18:46 2018,2018_Jul_25_2009,scan,Wed Jul 25 20:09:11 2018,
csv/uep001_run6.csv,csv/uep001_run6_block4.csv,4,4.0,4.0,406.474199571,2,1,6.96315812154,3.0,2.0,5,RR,418.047489532,15.0,0,uep001,1,6,1.61013183946,17.0,0,1,1,1,0,3,3,3,0,4,4,4,,,,,Wed Jul 25 20:25:33 2018,406.459115028,406.853718996,406.85406208,0.354311943054,8.58373167979,-0.0251144986975,408.486658096,408.487020969,409.487221003,409.487397909,Wed Jul 25 20:25:44 2018,418.035670996,17.0,2,0,0.354311943054,001,uep001_2,60.020062477,uncertaintyExperiment,Wed Jul 25 20:18:46 2018,2018_Jul_25_2009,scan,Wed Jul 25 20:09:11 2018,
csv/uep001_run6.csv,csv/uep001_run6_block4.csv,4,4.0,4.0,418.047489532,2,1,6.65069626348,3.0,-1.0,6,RR,429.590268068,15.0,0,uep001,1,6,1.89208227296,16.0,0,1,1,1,0,3,3,3,0,5,5,5,,,,,Wed Jul 25 20:25:44 2018,418.039208889,418.800326109,418.800666094,0.720963001251,7.89795481561,-0.0317784466114,420.716573954,420.716937065,421.71716094,421.717338085,Wed Jul 25 20:25:56 2018,429.582398891,16.0,2,0,0.720963001251,001,uep001_2,60.020062477,uncertaintyExperiment,Wed Jul 25 20:18:46 2018,2018_Jul_25_2009,scan,Wed Jul 25 20:09:11 2018,
csv/uep001_run6.csv,csv/uep001_run6_block4.csv,4,4.0,4.0,429.590268068,2,1,5.17911342207,3.0,1.0,7,RR,439.375858977,15.0,0,uep001,1,6,1.60647748679,16.0,0,1,1,1,0,3,3,3,0,6,6,6,,,,,Wed Jul 25 20:25:56 2018,429.585895061,430.130439043,430.130778074,0.504289865494,6.63903638444,-0.0357871721365,431.763376951,431.76374197,432.763936996,432.764110088,Wed Jul 25 20:26:06 2018,439.362875938,16.0,2,0,0.504289865494,001,uep001_2,60.020062477,uncertaintyExperiment,Wed Jul 25 20:18:46 2018,2018_Jul_25_2009,scan,Wed Jul 25 20:09:11 2018,
csv/uep001_run6.csv,csv/uep001_run6_block4.csv,4,4.0,4.0,439.375858977,2,1,5.9716888754,3.0,5.0,8,RR,450.165133726,15.0,0,uep001,1,6,1.8175858736,11.0,0,1,1,1,0,3,3,3,0,7,7,7,,,,,Wed Jul 25 20:26:06 2018,439.366167068,439.794425964,439.794766903,0.387878894806,7.55321487164,-0.0305951089506,441.643974066,441.644413948,442.644614935,442.644793034,Wed Jul 25 20:26:16 2018,450.143037081,11.0,2,0,0.387878894806,001,uep001_2,60.020062477,uncertaintyExperiment,Wed Jul 25 20:18:46 2018,2018_Jul_25_2009,scan,Wed Jul 25 20:09:11 2018,
csv/uep001_run6.csv,csv/uep001_run6_block4.csv,4,4.0,4.0,450.165133726,2,1,6.82226166887,3.0,2.0,9,RR,462.523068255,15.0,0,uep001,1,6,2.53567285982,13.0,0,1,1,1,0,3,3,3,0,8,8,8,,,,,Wed Jul 25 20:26:16 2018,450.146565914,450.557907104,450.55824995,0.369225978851,8.42958341974,-0.0234522702786,453.123852015,453.124217033,454.124413013,454.124588013,Wed Jul 25 20:26:29 2018,462.506485939,13.0,2,0,0.369225978851,001,uep001_2,60.020062477,uncertaintyExperiment,Wed Jul 25 20:18:46 2018,2018_Jul_25_2009,scan,Wed Jul 25 20:09:11 2018,
csv/uep001_run6.csv,csv/uep001_run6_block4.csv,4,4.0,4.0,462.523068255,2,1,6.2807538526,3.0,3.0,10,RR,474.0,15.0,0,uep001,1,6,2.19617789236,7.0,0,1,1,1,0,3,3,3,0,9,9,9,,,,,Wed Jul 25 20:26:29 2018,462.510040998,462.954397917,462.954741001,0.404371976852,7.84951908144,-0.0268627943066,465.170522928,465.170888901,466.171086073,466.17126298,Wed Jul 25 20:26:40 2018,473.986213923,7.0,2,0,0.404371976852,001,uep001_2,60.020062477,uncertaintyExperiment,Wed Jul 25 20:18:46 2018,2018_Jul_25_2009,scan,Wed Jul 25 20:09:11 2018,
csv/uep001_run6.csv,csv/uep001_run6_block4.csv,,,,,,,,,,,,,,,,,,,,0,1,1,1,0,3,3,3,,,,,,,,,,,,,,,,,,,,,,,,,,001,uep001_2,60.020062477,uncertaintyExperiment,Wed Jul 25 20:18:46 2018,2018_Jul_25_2009,scan,Wed Jul 25 20:09:11 2018,
csv/uep001_run6.csv,,,,,,,,,,,,,,,,,,,,,0,1,1,1,,,,,,,,,,,,,,,,,,,,,,,,,,,,,,001,uep001_2,60.020062477,uncertaintyExperiment,Wed Jul 25 20:18:46 2018,2018_Jul_25_2009,scan,Wed Jul 25 20:09:11 2018,
csv/uep001_run7.csv,csv/uep001_run7_block1.csv,1,4.0,0,16.0,2,4,6.98928348227,-8.0,-8.0,1,RS,27.8229617018,9.0,3,uep001,1,7,1.83367821956,9.0,0,2,2,2,0,0,0,0,0,0,0,0,,,space,23.4484000206,Wed Jul 25 20:28:05 2018,17.0257999897,17.9343869686,17.9348359108,0.872284889221,7.05499045058,-1.06200814247,19.8010368347,19.8015470505,20.801831007,20.80209589,Wed Jul 25 20:28:16 2018,27.7994949818,9.0,2,0,0.872284889221,001,uep001_2,60.020062477,uncertaintyExperiment,Wed Jul 25 20:27:48 2018,2018_Jul_25_2009,scan,Wed Jul 25 20:09:11 2018,
csv/uep001_run7.csv,csv/uep001_run7_block1.csv,1,4.0,0,27.8229617018,2,4,6.56232110067,-8.0,-6.0,2,RS,40.1750838966,9.0,3,uep001,1,7,2.78980109409,9.0,0,2,2,2,0,0,0,0,0,1,1,1,,,,,Wed Jul 25 20:28:16 2018,27.8043670654,28.6979329586,28.6982769966,0.854074954987,7.68744378082,-0.0208023648657,31.5143668652,31.5147738457,32.5149738789,32.5151498318,Wed Jul 25 20:28:28 2018,40.162332058,-6.0,1,0,0.854074954987,001,uep001_2,60.020062477,uncertaintyExperiment,Wed Jul 25 20:27:48 2018,2018_Jul_25_2009,scan,Wed Jul 25 20:09:11 2018,
csv/uep001_run7.csv,csv/uep001_run7_block1.csv,1,4.0,0,40.1750838966,2,4,6.14439107498,-8.0,-12.0,3,RS,51.1559640364,9.0,3,uep001,1,7,1.83648906485,9.0,0,2,2,2,0,0,0,0,0,2,2,2,,,,,Wed Jul 25 20:28:28 2018,40.1667599678,40.6612989902,40.6616408825,0.454355955124,7.65826991825,-0.0317652016084,42.527837038,42.5282599926,43.5284628868,43.5286428928,Wed Jul 25 20:28:39 2018,51.1410839558,9.0,2,0,0.454355955124,001,uep001_2,60.020062477,uncertaintyExperiment,Wed Jul 25 20:27:48 2018,2018_Jul_25_2009,scan,Wed Jul 25 20:09:11 2018,
csv/uep001_run7.csv,csv/uep001_run7_block1.csv,1,4.0,0,51.1559640364,2,4,6.9668501874,-8.0,1.0,4,RS,62.6506635606,9.0,3,uep001,1,7,1.52784933674,9.0,0,2,2,2,0,0,0,0,0,3,3,3,,,,,Wed Jul 25 20:28:39 2018,51.1450200081,51.5249919891,51.5253348351,0.337719917297,8.59791617161,-0.0312140984961,53.0750648975,53.0754709244,54.0756709576,54.0758500099,Wed Jul 25 20:28:51 2018,62.6399898529,9.0,2,0,0.337719917297,001,uep001_2,60.020062477,uncertaintyExperiment,Wed Jul 25 20:27:48 2018,2018_Jul_25_2009,scan,Wed Jul 25 20:09:11 2018,
csv/uep001_run7.csv,csv/uep001_run7_block1.csv,1,4.0,0,62.6506635606,2,4,6.39632208626,-8.0,-4.0,5,RS,74.6670432697,9.0,3,uep001,1,7,2.6200576229,9.0,0,2,2,2,0,0,0,0,0,4,4,4,,,,,Wed Jul 25 20:28:51 2018,62.6435790062,63.2215330601,63.2218768597,0.537870168686,7.82554962311,-0.0329022944636,65.8708188534,65.8711819649,66.8713788986,66.8715569973,Wed Jul 25 20:29:03 2018,74.6532249451,9.0,2,0,0.537870168686,001,uep001_2,60.020062477,uncertaintyExperiment,Wed Jul 25 20:27:48 2018,2018_Jul_25_2009,scan,Wed Jul 25 20:09:11 2018,
csv/uep001_run7.csv,csv/uep001_run7_block1.csv,1,4.0,0,74.6670432697,2,4,6.53926012165,-8.0,-2.0,6,RS,86.9440843287,9.0,3,uep001,1,7,2.73778093731,9.0,0,2,2,2,0,0,0,0,0,5,5,5,,,,,Wed Jul 25 20:29:03 2018,74.6569900513,75.0513329506,75.0516748428,0.337520122528,8.1550643777,-0.0466756214206,77.8170239925,77.8173229694,78.8174819946,78.8176250458,Wed Jul 25 20:29:15 2018,86.9163248539,9.0,2,0,0.337520122528,001,uep001_2,60.020062477,uncertaintyExperiment,Wed Jul 25 20:27:48 2018,2018_Jul_25_2009,scan,Wed Jul 25 20:09:11 2018,
csv/uep001_run7.csv,csv/uep001_run7_block1.csv,1,4.0,0,86.9440843287,2,4,5.9378482613,-8.0,-6.0,7,RS,97.8740726457,9.0,3,uep001,1,7,1.99214005572,9.0,0,2,2,2,0,0,0,0,0,6,6,6,,,,,Wed Jul 25 20:29:15 2018,86.919698,87.3478929996,87.3482370377,0.387624025345,7.53413352725,-0.0160907087019,89.3641028404,89.3644678593,90.3646650314,90.3648409843,Wed Jul 25 20:29:26 2018,97.8632919788,9.0,2,0,0.387624025345,001,uep001_2,60.020062477,uncertaintyExperiment,Wed Jul 25 20:27:48 2018,2018_Jul_25_2009,scan,Wed Jul 25 20:09:11 2018,
csv/uep001_run7.csv,csv/uep001_run7_block1.csv,1,4.0,0,97.8740726457,2,4,6.28077736393,-8.0,-11.0,8,RS,108.166237897,9.0,3,uep001,1,7,1.01138788714,9.0,0,2,2,2,0,0,0,0,0,7,7,7,,,,,Wed Jul 25 20:29:26 2018,97.8670868874,98.2447369099,98.2450809479,0.33735203743,7.91020703669,-0.0332182898097,99.2762339115,99.2765979767,100.27679801,100.276973963,Wed Jul 25 20:29:36 2018,108.160323858,9.0,2,0,0.33735203743,001,uep001_2,60.020062477,uncertaintyExperiment,Wed Jul 25 20:27:48 2018,2018_Jul_25_2009,scan,Wed Jul 25 20:09:11 2018,
csv/uep001_run7.csv,csv/uep001_run7_block1.csv,1,4.0,0,108.166237897,2,4,5.26659552028,-8.0,-2.0,9,RS,118.7016503,9.0,3,uep001,1,7,2.26881688257,9.0,0,2,2,2,0,0,0,0,0,8,8,8,,,,,Wed Jul 25 20:29:36 2018,108.163918972,108.608453989,108.608798027,0.404164075851,6.82447241128,-0.0379590331518,110.907847881,110.90822196,111.90841794,111.908592939,Wed Jul 25 20:29:47 2018,118.690594912,9.0,2,0,0.404164075851,001,uep001_2,60.020062477,uncertaintyExperiment,Wed Jul 25 20:27:48 2018,2018_Jul_25_2009,scan,Wed Jul 25 20:09:11 2018,
csv/uep001_run7.csv,csv/uep001_run7_block1.csv,1,4.0,0,118.7016503,2,4,5.47107820916,-8.0,-3.0,10,RS,128.419964121,9.0,3,uep001,1,7,1.24723561264,9.0,0,2,2,2,0,0,0,0,0,9,9,9,,,,,Wed Jul 25 20:29:47 2018,118.6942029,119.122040033,119.122405052,0.387267827988,7.05078455813,-0.0330258230333,120.388452053,120.38881588,121.389013052,121.389189005,Wed Jul 25 20:29:57 2018,128.404504061,9.0,2,0,0.387267827988,001,uep001_2,60.020062477,uncertaintyExperiment,Wed Jul 25 20:27:48 2018,2018_Jul_25_2009,scan,Wed Jul 25 20:09:11 2018,
csv/uep001_run7.csv,csv/uep001_run7_block1.csv,,,,,,,,,,,,,,,,,,,,0,2,2,2,0,0,0,0,,,,,,,,,,,,,,,,,,,,,,,,,,001,uep001_2,60.020062477,uncertaintyExperiment,Wed Jul 25 20:27:48 2018,2018_Jul_25_2009,scan,Wed Jul 25 20:09:11 2018,
csv/uep001_run7.csv,csv/uep001_run7_block2.csv,2,4.0,4.0,134.419964121,2,1,5.66856728422,-19.0,-28.0,1,RR,145.392362039,2.0,7,uep001,1,7,2.30383063316,5.0,0,2,2,2,0,1,1,1,0,0,0,0,,,,,Wed Jul 25 20:30:03 2018,134.426759958,135.867447853,135.867893934,1.40522193909,6.22117653581,-0.0421688093278,138.20012188,138.200619936,139.200901031,139.201160908,Wed Jul 25 20:30:14 2018,145.382071018,-28.0,1,0,1.40522193909,001,uep001_2,60.020062477,uncertaintyExperiment,Wed Jul 25 20:27:48 2018,2018_Jul_25_2009,scan,Wed Jul 25 20:09:11 2018,
csv/uep001_run7.csv,csv/uep001_run7_block2.csv,2,4.0,4.0,145.392362039,2,1,5.54570098318,-19.0,-18.0,2,RR,155.192765027,2.0,7,uep001,1,7,1.25470200506,-7.0,0,2,2,2,0,1,1,1,0,1,1,1,,,,,Wed Jul 25 20:30:14 2018,145.387223959,145.797827005,145.798282862,0.369328022003,7.14033114562,-0.0360418155583,147.080823898,147.081187963,148.081385851,148.081564903,Wed Jul 25 20:30:23 2018,155.180116892,-7.0,2,0,0.369328022003,001,uep001_2,60.020062477,uncertaintyExperiment,Wed Jul 25 20:27:48 2018,2018_Jul_25_2009,scan,Wed Jul 25 20:09:11 2018,
csv/uep001_run7.csv,csv/uep001_run7_block2.csv,2,4.0,4.0,155.192765027,2,1,6.42505620198,-19.0,-24.0,3,RR,165.983964472,2.0,7,uep001,1,7,1.36614324322,9.0,0,2,2,2,0,1,1,1,0,2,2,2,,,,,Wed Jul 25 20:30:23 2018,155.183722973,155.544924974,155.545289993,0.320842027664,8.0729913836,-0.0312227907138,156.944607019,156.944968939,157.945165873,157.945342064,Wed Jul 25 20:30:34 2018,165.976954937,9.0,2,0,0.320842027664,001,uep001_2,60.020062477,uncertaintyExperiment,Wed Jul 25 20:27:48 2018,2018_Jul_25_2009,scan,Wed Jul 25 20:09:11 2018,
csv/uep001_run7.csv,csv/uep001_run7_block2.csv,2,4.0,4.0,165.983964472,2,1,5.13817532534,-19.0,-19.0,4,RR,176.25101462,2.0,7,uep001,1,7,2.1288748222,2.0,0,2,2,2,0,1,1,1,0,3,3,3,,,,,Wed Jul 25 20:30:34 2018,165.980562925,166.425211906,166.425556898,0.404356002808,6.69702278175,-0.0367965407825,168.574115038,168.574379921,169.574512005,169.574631929,Wed Jul 25 20:30:44 2018,176.239284039,2.0,2,0,0.404356002808,001,uep001_2,60.020062477,uncertaintyExperiment,Wed Jul 25 20:27:48 2018,2018_Jul_25_2009,scan,Wed Jul 25 20:09:11 2018,
csv/uep001_run7.csv,csv/uep001_run7_block2.csv,2,4.0,4.0,176.25101462,2,1,5.70039276395,-19.0,-24.0,5,RR,185.967955527,2.0,7,uep001,1,7,1.01654814321,1.0,0,2,2,2,0,1,1,1,0,4,4,4,,,,,Wed Jul 25 20:30:44 2018,176.242892981,176.655784845,176.65612793,0.370897054672,7.29571552163,-0.033780187641,177.705446005,177.705808878,178.70600605,178.706182957,Wed Jul 25 20:30:54 2018,185.954645872,1.0,2,0,0.370897054672,001,uep001_2,60.020062477,uncertaintyExperiment,Wed Jul 25 20:27:48 2018,2018_Jul_25_2009,scan,Wed Jul 25 20:09:11 2018,
csv/uep001_run7.csv,csv/uep001_run7_block2.csv,2,4.0,4.0,185.967955527,2,1,5.44876530293,-19.0,-22.0,6,RR,196.788705575,2.0,7,uep001,1,7,2.37198474542,-1.0,0,2,2,2,0,1,1,1,0,5,5,5,,,,,Wed Jul 25 20:30:54 2018,185.958291054,186.319510937,186.319853067,0.32072019577,7.09730478374,-0.0307403234213,188.718900919,188.719267845,189.719465971,189.71964097,Wed Jul 25 20:31:05 2018,196.768337965,-1.0,2,0,0.32072019577,001,uep001_2,60.020062477,uncertaintyExperiment,Wed Jul 25 20:27:48 2018,2018_Jul_25_2009,scan,Wed Jul 25 20:09:11 2018,
csv/uep001_run7.csv,csv/uep001_run7_block2.csv,2,4.0,4.0,196.788705575,2,1,6.38737655015,-19.0,-22.0,7,RR,208.368103195,2.0,7,uep001,1,7,2.19202106972,-0.0,0,2,2,2,0,1,1,1,0,6,6,6,,,,,Wed Jul 25 20:31:05 2018,196.772028923,197.149662971,197.150008917,0.337491035461,8.02651428297,-0.0233712317207,199.365731955,199.366095066,200.3662889,200.3664639,Wed Jul 25 20:31:17 2018,208.364799976,-0.0,2,0,0.337491035461,001,uep001_2,60.020062477,uncertaintyExperiment,Wed Jul 25 20:27:48 2018,2018_Jul_25_2009,scan,Wed Jul 25 20:09:11 2018,
csv/uep001_run7.csv,csv/uep001_run7_block2.csv,2,4.0,4.0,208.368103195,2,1,5.5367875923,-19.0,-19.0,8,RR,219.851314456,2.0,7,uep001,1,7,2.94642366853,-3.0,0,2,2,2,0,1,1,1,0,7,7,7,,,,,Wed Jul 25 20:31:17 2018,208.368804932,208.763063908,208.763406038,0.353876113892,7.14192081676,-0.0409906616457,211.745496035,211.745857,212.74605298,212.746228933,Wed Jul 25 20:31:28 2018,219.845065832,-3.0,2,0,0.353876113892,001,uep001_2,60.020062477,uncertaintyExperiment,Wed Jul 25 20:27:48 2018,2018_Jul_25_2009,scan,Wed Jul 25 20:09:11 2018,
csv/uep001_run7.csv,csv/uep001_run7_block2.csv,2,4.0,4.0,219.851314456,2,1,5.99330850366,-19.0,-15.0,9,RR,231.603213388,2.0,7,uep001,1,7,2.75859042831,3.0,0,2,2,2,0,1,1,1,0,8,8,8,,,,,Wed Jul 25 20:31:28 2018,219.8486619,220.243227005,220.243567944,0.354541063309,7.60149108366,-0.0372763566931,223.025738955,223.026123047,224.026317835,224.026494026,Wed Jul 25 20:31:40 2018,231.591685057,3.0,2,0,0.354541063309,001,uep001_2,60.020062477,uncertaintyExperiment,Wed Jul 25 20:27:48 2018,2018_Jul_25_2009,scan,Wed Jul 25 20:09:11 2018,
csv/uep001_run7.csv,csv/uep001_run7_block2.csv,2,4.0,4.0,231.603213388,2,1,5.2377089585,-19.0,-9.0,10,RR,242.194713212,2.0,7,uep001,1,7,2.35379086595,0.0,0,2,2,2,0,1,1,1,0,9,9,9,,,,,Wed Jul 25 20:31:40 2018,231.595417976,232.039787054,232.0401299,0.40070104599,6.80122946774,-0.0357784447721,234.422445059,234.422809839,235.423007965,235.423184872,Wed Jul 25 20:31:50 2018,242.171859026,0.0,2,0,0.40070104599,001,uep001_2,60.020062477,uncertaintyExperiment,Wed Jul 25 20:27:48 2018,2018_Jul_25_2009,scan,Wed Jul 25 20:09:11 2018,
csv/uep001_run7.csv,csv/uep001_run7_block2.csv,,,,,,,,,,,,,,,,,,,,0,2,2,2,0,1,1,1,,,,,,,,,,,,,,,,,,,,,,,,,,001,uep001_2,60.020062477,uncertaintyExperiment,Wed Jul 25 20:27:48 2018,2018_Jul_25_2009,scan,Wed Jul 25 20:09:11 2018,
csv/uep001_run7.csv,csv/uep001_run7_block3.csv,3,0,0,248.194713212,2,6,5.57213500283,-6.0,-6.0,1,SS,259.605941586,-3.0,0,uep001,1,7,2.83909337118,-3.0,0,2,2,2,0,2,2,2,0,0,0,0,,,,,Wed Jul 25 20:31:56 2018,248.192620039,249.301475048,249.301928043,1.07194399834,6.46546615042,-0.0347248540693,252.167907953,252.168424845,253.168712854,253.168977022,Wed Jul 25 20:32:08 2018,259.599865913,-6.0,1,0,1.07194399834,001,uep001_2,60.020062477,uncertaintyExperiment,Wed Jul 25 20:27:48 2018,2018_Jul_25_2009,scan,Wed Jul 25 20:09:11 2018,
csv/uep001_run7.csv,csv/uep001_run7_block3.csv,3,0,0,259.605941586,2,6,5.39308325001,-6.0,-6.0,2,SS,270.433527461,-3.0,0,uep001,1,7,2.43450262461,-3.0,0,2,2,2,0,2,2,2,0,1,1,1,,,,,Wed Jul 25 20:32:08 2018,259.60462904,259.981858969,259.982199907,0.33780002594,7.01726099671,-0.0380222273613,262.448329926,262.448736906,263.448940039,263.449120045,Wed Jul 25 20:32:19 2018,270.412788868,-3.0,2,0,0.33780002594,001,uep001_2,60.020062477,uncertaintyExperiment,Wed Jul 25 20:27:48 2018,2018_Jul_25_2009,scan,Wed Jul 25 20:09:11 2018,
csv/uep001_run7.csv,csv/uep001_run7_block3.csv,3,0,0,270.433527461,2,6,5.20300971478,-6.0,-6.0,3,SS,281.34638653,-3.0,0,uep001,1,7,2.7098493539,-3.0,0,2,2,2,0,2,2,2,0,2,2,2,,,,,Wed Jul 25 20:32:19 2018,270.416388988,270.795332909,270.795670033,0.337926149368,6.84129820411,-0.0237853612983,273.528476,273.528883934,274.529084921,274.52926302,Wed Jul 25 20:32:30 2018,281.343303919,-3.0,2,0,0.337926149368,001,uep001_2,60.020062477,uncertaintyExperiment,Wed Jul 25 20:27:48 2018,2018_Jul_25_2009,scan,Wed Jul 25 20:09:11 2018,
csv/uep001_run7.csv,csv/uep001_run7_block3.csv,3,0,0,281.34638653,2,6,6.19586730874,-6.0,-6.0,4,SS,293.254307989,-3.0,0,uep001,1,7,2.71205415104,-3.0,0,2,2,2,0,2,2,2,0,3,3,3,,,,,Wed Jul 25 20:32:30 2018,281.34689188,281.725570917,281.725913048,0.337807893753,7.8167749509,-0.041284464082,284.458606958,284.459015846,285.459215879,285.459395885,Wed Jul 25 20:32:41 2018,293.239958048,-3.0,2,0,0.337807893753,001,uep001_2,60.020062477,uncertaintyExperiment,Wed Jul 25 20:27:48 2018,2018_Jul_25_2009,scan,Wed Jul 25 20:09:11 2018,
csv/uep001_run7.csv,csv/uep001_run7_block3.csv,3,0,0,293.254307989,2,6,5.88575101364,-6.0,-6.0,5,SS,303.834498431,-3.0,0,uep001,1,7,1.69443942783,-3.0,0,2,2,2,0,2,2,2,0,4,4,4,,,,,Wed Jul 25 20:32:41 2018,293.244463921,293.637217999,293.637580872,0.354157924652,7.50293494155,-0.0286581474332,295.355509043,295.355913877,296.35611105,296.356289864,Wed Jul 25 20:32:52 2018,303.820453882,-3.0,2,0,0.354157924652,001,uep001_2,60.020062477,uncertaintyExperiment,Wed Jul 25 20:27:48 2018,2018_Jul_25_2009,scan,Wed Jul 25 20:09:11 2018,
csv/uep001_run7.csv,csv/uep001_run7_block3.csv,3,0,0,303.834498431,2,6,5.42697691331,-6.0,-6.0,6,SS,314.634677023,-3.0,0,uep001,1,7,2.37320167882,-3.0,0,2,2,2,0,2,2,2,0,5,5,5,,,,,Wed Jul 25 20:32:52 2018,303.824018955,304.219280005,304.219624043,0.354084968567,7.04229332982,-0.0305986149279,306.619082928,306.619529963,307.61972785,307.619904995,Wed Jul 25 20:33:03 2018,314.616000891,-3.0,2,0,0.354084968567,001,uep001_2,60.020062477,uncertaintyExperiment,Wed Jul 25 20:27:48 2018,2018_Jul_25_2009,scan,Wed Jul 25 20:09:11 2018,
csv/uep001_run7.csv,csv/uep001_run7_block3.csv,3,0,0,314.634677023,2,6,7.06643844656,-6.0,-6.0,7,SS,326.132764044,-3.0,0,uep001,1,7,1.43164857386,-3.0,0,2,2,2,0,2,2,2,0,6,6,6,,,,,Wed Jul 25 20:33:03 2018,314.619613886,315.115987062,315.11637187,0.454253911972,8.58522162888,-0.0269629057118,316.582896948,316.583395004,317.583626986,317.583807945,Wed Jul 25 20:33:14 2018,326.113945961,-3.0,2,0,0.454253911972,001,uep001_2,60.020062477,uncertaintyExperiment,Wed Jul 25 20:27:48 2018,2018_Jul_25_2009,scan,Wed Jul 25 20:09:11 2018,
csv/uep001_run7.csv,csv/uep001_run7_block3.csv,3,0,0,326.132764044,2,6,6.36825054328,-6.0,-6.0,8,SS,336.81656954,-3.0,0,uep001,1,7,1.31555495337,-3.0,0,2,2,2,0,2,2,2,0,7,7,7,,,,,Wed Jul 25 20:33:14 2018,326.117509842,326.562813997,326.563156843,0.400413990021,7.93829571855,-0.0295408347089,327.91245389,327.912876844,328.913076878,328.91325593,Wed Jul 25 20:33:25 2018,336.794935942,-3.0,2,0,0.400413990021,001,uep001_2,60.020062477,uncertaintyExperiment,Wed Jul 25 20:27:48 2018,2018_Jul_25_2009,scan,Wed Jul 25 20:09:11 2018,
csv/uep001_run7.csv,csv/uep001_run7_block3.csv,3,0,0,336.81656954,2,6,5.26825673975,-6.0,-6.0,9,SS,347.727937432,-3.0,0,uep001,1,7,2.64311115196,-3.0,0,2,2,2,0,2,2,2,0,8,8,8,,,,,Wed Jul 25 20:33:25 2018,336.798512936,337.259449959,337.259799004,0.420816898346,6.8254733575,-0.0219664839136,339.925710917,339.926074982,340.926272869,340.926450968,Wed Jul 25 20:33:36 2018,347.725239038,-3.0,2,0,0.420816898346,001,uep001_2,60.020062477,uncertaintyExperiment,Wed Jul 25 20:27:48 2018,2018_Jul_25_2009,scan,Wed Jul 25 20:09:11 2018,
csv/uep001_run7.csv,csv/uep001_run7_block3.csv,3,0,0,347.727937432,2,6,5.11541693619,-6.0,-6.0,10,SS,356.880695002,-3.0,0,uep001,1,7,1.03734063369,-3.0,0,2,2,2,0,2,2,2,0,9,9,9,,,,,Wed Jul 25 20:33:36 2018,347.72881794,348.173317909,348.173681974,0.404260873795,6.67013945568,-0.0410166067247,349.23969388,349.240078926,350.240274906,350.240452051,Wed Jul 25 20:33:45 2018,356.855289936,-3.0,2,0,0.404260873795,001,uep001_2,60.020062477,uncertaintyExperiment,Wed Jul 25 20:27:48 2018,2018_Jul_25_2009,scan,Wed Jul 25 20:09:11 2018,
csv/uep001_run7.csv,csv/uep001_run7_block3.csv,,,,,,,,,,,,,,,,,,,,0,2,2,2,0,2,2,2,,,,,,,,,,,,,,,,,,,,,,,,,,001,uep001_2,60.020062477,uncertaintyExperiment,Wed Jul 25 20:27:48 2018,2018_Jul_25_2009,scan,Wed Jul 25 20:09:11 2018,
csv/uep001_run7.csv,csv/uep001_run7_block4.csv,4,0,4.0,362.880695002,2,5,7.02883341236,-17.0,-17.0,1,SR,374.807655365,3.0,2,uep001,1,7,1.89812695086,0.0,0,2,2,2,0,3,3,3,0,0,0,0,,,,,Wed Jul 25 20:33:51 2018,362.876239061,363.835469007,363.835937023,0.922018051147,8.07415644301,-0.0326589182073,365.768033028,365.768499851,366.768782854,366.769044876,Wed Jul 25 20:34:03 2018,374.800969839,-17.0,1,0,0.922018051147,001,uep001_2,60.020062477,uncertaintyExperiment,Wed Jul 25 20:27:48 2018,2018_Jul_25_2009,scan,Wed Jul 25 20:09:11 2018,
csv/uep001_run7.csv,csv/uep001_run7_block4.csv,4,0,4.0,374.807655365,2,5,6.63563197428,-17.0,-17.0,2,SR,386.639477861,3.0,2,uep001,1,7,2.19619052162,-2.0,0,2,2,2,0,3,3,3,0,1,1,1,,,,,Wed Jul 25 20:34:03 2018,374.805877924,375.182291031,375.182631969,0.337405920029,8.2610914374,-0.0371346168449,377.39832902,377.398710966,378.398910046,378.399086952,Wed Jul 25 20:34:15 2018,386.630843878,-2.0,2,0,0.337405920029,001,uep001_2,60.020062477,uncertaintyExperiment,Wed Jul 25 20:27:48 2018,2018_Jul_25_2009,scan,Wed Jul 25 20:09:11 2018,
csv/uep001_run7.csv,csv/uep001_run7_block4.csv,4,0,4.0,386.639477861,2,5,6.36482451786,-17.0,-17.0,3,SR,398.676290786,3.0,2,uep001,1,7,2.67198840731,1.0,0,2,2,2,0,3,3,3,0,2,2,2,,,,,Wed Jul 25 20:34:15 2018,386.634477854,387.045759916,387.046100855,0.370882987976,7.95863449201,-0.0353070378691,389.744889021,389.745272875,390.745471001,390.745647907,Wed Jul 25 20:34:27 2018,398.660672903,1.0,2,0,0.370882987976,001,uep001_2,60.020062477,uncertaintyExperiment,Wed Jul 25 20:27:48 2018,2018_Jul_25_2009,scan,Wed Jul 25 20:09:11 2018,
csv/uep001_run7.csv,csv/uep001_run7_block4.csv,4,0,4.0,398.676290786,2,5,6.1416738728,-17.0,-17.0,4,SR,409.434715726,3.0,2,uep001,1,7,1.61675106745,7.0,0,2,2,2,0,3,3,3,0,3,3,3,,,,,Wed Jul 25 20:34:27 2018,398.664330959,399.125521898,399.125864029,0.421010017395,7.69253574383,-0.0281281115743,400.775059938,400.775454044,401.775647879,401.775822878,Wed Jul 25 20:34:38 2018,409.424247026,7.0,2,0,0.421010017395,001,uep001_2,60.020062477,uncertaintyExperiment,Wed Jul 25 20:27:48 2018,2018_Jul_25_2009,scan,Wed Jul 25 20:09:11 2018,
csv/uep001_run7.csv,csv/uep001_run7_block4.csv,4,0,4.0,409.434715726,2,5,5.55399908119,-17.0,-17.0,5,SR,420.62157302,3.0,2,uep001,1,7,2.63285821271,-0.0,0,2,2,2,0,3,3,3,0,4,4,4,,,,,Wed Jul 25 20:34:38 2018,409.428246975,409.772385836,409.772750854,0.304384946823,7.21642290877,-0.0331912256005,412.438353062,412.438715935,413.438912868,413.439087868,Wed Jul 25 20:34:49 2018,420.604272842,-0.0,2,0,0.304384946823,001,uep001_2,60.020062477,uncertaintyExperiment,Wed Jul 25 20:27:48 2018,2018_Jul_25_2009,scan,Wed Jul 25 20:09:11 2018,
csv/uep001_run7.csv,csv/uep001_run7_block4.csv,4,0,4.0,420.62157302,2,5,5.78537031685,-17.0,-17.0,6,SR,431.381033845,3.0,2,uep001,1,7,1.97409050815,-0.0,0,2,2,2,0,3,3,3,0,5,5,5,,,,,Wed Jul 25 20:34:49 2018,420.608283997,421.002500057,421.002841949,0.354156970978,7.40453745517,-0.0266758907001,423.001976013,423.00233984,424.002534866,424.002708912,Wed Jul 25 20:35:00 2018,431.367310047,-0.0,2,0,0.354156970978,001,uep001_2,60.020062477,uncertaintyExperiment,Wed Jul 25 20:27:48 2018,2018_Jul_25_2009,scan,Wed Jul 25 20:09:11 2018,
csv/uep001_run7.csv,csv/uep001_run7_block4.csv,4,0,4.0,431.381033845,2,5,5.11249989713,-17.0,-17.0,7,SR,441.718043099,3.0,2,uep001,1,7,2.2245093567,4.0,0,2,2,2,0,3,3,3,0,6,6,6,,,,,Wed Jul 25 20:35:00 2018,431.369928837,431.782757998,431.783118963,0.3709897995,6.71087588063,-0.0306342170041,434.032181025,434.032546997,435.032743931,435.032920837,Wed Jul 25 20:35:10 2018,441.715055943,4.0,2,0,0.3709897995,001,uep001_2,60.020062477,uncertaintyExperiment,Wed Jul 25 20:27:48 2018,2018_Jul_25_2009,scan,Wed Jul 25 20:09:11 2018,
csv/uep001_run7.csv,csv/uep001_run7_block4.csv,4,0,4.0,441.718043099,2,5,6.68642238567,-17.0,-17.0,8,SR,452.979016119,3.0,2,uep001,1,7,1.57455063421,7.0,0,2,2,2,0,3,3,3,0,7,7,7,,,,,Wed Jul 25 20:35:10 2018,441.718663931,442.096552849,442.096892834,0.337389945984,8.30800657281,-0.0410258668782,443.695734024,443.696033001,444.696190834,444.696332932,Wed Jul 25 20:35:21 2018,452.978330851,7.0,2,0,0.337389945984,001,uep001_2,60.020062477,uncertaintyExperiment,Wed Jul 25 20:27:48 2018,2018_Jul_25_2009,scan,Wed Jul 25 20:09:11 2018,
csv/uep001_run7.csv,csv/uep001_run7_block4.csv,4,0,4.0,452.979016119,2,5,6.02130977515,-17.0,-17.0,9,SR,463.101677351,3.0,2,uep001,1,7,1.10135145673,6.0,0,2,2,2,0,3,3,3,0,8,8,8,,,,,Wed Jul 25 20:35:21 2018,452.981956959,453.393292904,453.393637896,0.370676994324,7.60712692708,-0.043505853743,454.526358843,454.526721954,455.526916027,455.527087927,Wed Jul 25 20:35:31 2018,463.092200994,6.0,2,0,0.370676994324,001,uep001_2,60.020062477,uncertaintyExperiment,Wed Jul 25 20:27:48 2018,2018_Jul_25_2009,scan,Wed Jul 25 20:09:11 2018,
csv/uep001_run7.csv,csv/uep001_run7_block4.csv,4,0,4.0,463.101677351,2,5,6.33780222308,-17.0,-17.0,10,SR,474.0,3.0,2,uep001,1,7,1.56052042614,10.0,0,2,2,2,0,3,3,3,0,9,9,9,,,,,Wed Jul 25 20:35:31 2018,463.096709967,463.638900995,463.639245033,0.504097938538,7.80067251553,-0.0330317690088,465.223255873,465.223618984,466.223816872,466.223994017,Wed Jul 25 20:35:42 2018,473.989253998,10.0,2,0,0.504097938538,001,uep001_2,60.020062477,uncertaintyExperiment,Wed Jul 25 20:27:48 2018,2018_Jul_25_2009,scan,Wed Jul 25 20:09:11 2018,
csv/uep001_run7.csv,csv/uep001_run7_block4.csv,,,,,,,,,,,,,,,,,,,,0,2,2,2,0,3,3,3,,,,,,,,,,,,,,,,,,,,,,,,,,001,uep001_2,60.020062477,uncertaintyExperiment,Wed Jul 25 20:27:48 2018,2018_Jul_25_2009,scan,Wed Jul 25 20:09:11 2018,
csv/uep001_run7.csv,,,,,,,,,,,,,,,,,,,,,0,2,2,2,,,,,,,,,,,,,,,,,,,,,,,,,,,,,,001,uep001_2,60.020062477,uncertaintyExperiment,Wed Jul 25 20:27:48 2018,2018_Jul_25_2009,scan,Wed Jul 25 20:09:11 2018,
csv/uep001_run8.csv,csv/uep001_run8_block1.csv,1,4.0,0,16.0,2,2,6.8246749944,7.0,9.0,1,RS,27.4574392836,14.0,3,uep001,1,8,1.63276428921,14.0,0,3,3,3,0,0,0,0,0,0,0,0,,,space,19.832668066,Wed Jul 25 20:37:02 2018,17.0302529335,18.0728189945,18.0732688904,1.00536203384,6.75194898313,-1.06736397743,19.7392640114,19.7398560047,20.7402029037,20.7404949665,Wed Jul 25 20:37:13 2018,27.4377419949,14.0,2,0,1.00536203384,001,uep001_2,60.020062477,uncertaintyExperiment,Wed Jul 25 20:36:45 2018,2018_Jul_25_2009,scan,Wed Jul 25 20:09:11 2018,
csv/uep001_run8.csv,csv/uep001_run8_block1.csv,1,4.0,0,27.4574392836,2,2,6.83174944564,7.0,8.0,2,RS,38.3783764648,14.0,3,uep001,1,8,1.08918773552,14.0,0,3,3,3,0,0,0,0,0,1,1,1,,,,,Wed Jul 25 20:37:13 2018,27.4433128834,27.9031260014,27.9034669399,0.42173409462,8.38615785691,-0.0238574941068,29.0194818974,29.0198469162,30.0200438499,30.0202198029,Wed Jul 25 20:37:24 2018,38.3678088188,8.0,1,0,0.42173409462,001,uep001_2,60.020062477,uncertaintyExperiment,Wed Jul 25 20:36:45 2018,2018_Jul_25_2009,scan,Wed Jul 25 20:09:11 2018,
csv/uep001_run8.csv,csv/uep001_run8_block1.csv,1,4.0,0,38.3783764648,2,2,5.05701540344,7.0,15.0,3,RS,48.4970263703,14.0,3,uep001,1,8,2.06163450206,14.0,0,3,3,3,0,0,0,0,0,2,2,2,,,,,Wed Jul 25 20:37:24 2018,38.3714799881,38.8165819645,38.8169248104,0.404299020767,6.61890384064,-0.0338125420353,40.8998579979,40.9002640247,41.9004638195,41.9006378651,Wed Jul 25 20:37:34 2018,48.4815449715,14.0,2,0,0.404299020767,001,uep001_2,60.020062477,uncertaintyExperiment,Wed Jul 25 20:36:45 2018,2018_Jul_25_2009,scan,Wed Jul 25 20:09:11 2018,
csv/uep001_run8.csv,csv/uep001_run8_block1.csv,1,4.0,0,48.4970263703,2,2,5.51220927705,7.0,9.0,4,RS,59.1570827749,14.0,3,uep001,1,8,2.14784712756,14.0,0,3,3,3,0,0,0,0,0,3,3,3,,,,,Wed Jul 25 20:37:34 2018,48.4852058887,48.8801968098,48.8805480003,0.353810071945,7.12913468182,-0.0292645232855,51.0635960102,51.0640048981,52.0642068386,52.0643877983,Wed Jul 25 20:37:45 2018,59.1453537941,14.0,2,0,0.353810071945,001,uep001_2,60.020062477,uncertaintyExperiment,Wed Jul 25 20:36:45 2018,2018_Jul_25_2009,scan,Wed Jul 25 20:09:11 2018,
csv/uep001_run8.csv,csv/uep001_run8_block1.csv,1,4.0,0,59.1570827749,2,2,6.32610739189,7.0,3.0,5,RS,69.5801105201,14.0,3,uep001,1,8,1.09692035333,14.0,0,3,3,3,0,0,0,0,0,4,4,4,,,,,Wed Jul 25 20:37:45 2018,59.149012804,59.5275080204,59.52785182,0.338829040527,7.95577727538,-0.0315010759791,60.6606359482,60.661000967,61.6611948013,61.6613698006,Wed Jul 25 20:37:55 2018,69.5588448048,14.0,2,0,0.338829040527,001,uep001_2,60.020062477,uncertaintyExperiment,Wed Jul 25 20:36:45 2018,2018_Jul_25_2009,scan,Wed Jul 25 20:09:11 2018,
csv/uep001_run8.csv,csv/uep001_run8_block1.csv,1,4.0,0,69.5801105201,2,2,6.61029007426,7.0,-3.0,6,RS,81.3472690117,14.0,3,uep001,1,8,2.15686841739,14.0,0,3,3,3,0,0,0,0,0,5,5,5,,,,,Wed Jul 25 20:37:55 2018,69.5629618168,70.1243898869,70.1247308254,0.52098107338,8.06610464442,-0.023204356454,72.3060879707,72.3064939976,73.3066940308,73.30686903,Wed Jul 25 20:38:07 2018,81.338850975,14.0,2,0,0.52098107338,001,uep001_2,60.020062477,uncertaintyExperiment,Wed Jul 25 20:36:45 2018,2018_Jul_25_2009,scan,Wed Jul 25 20:09:11 2018,
csv/uep001_run8.csv,csv/uep001_run8_block1.csv,1,4.0,0,81.3472690117,2,2,6.00017387115,7.0,11.0,7,RS,91.4246110403,14.0,3,uep001,1,8,1.07716815741,14.0,0,3,3,3,0,0,0,0,0,6,6,6,,,,,Wed Jul 25 20:38:07 2018,81.3433449268,81.7709729671,81.7713148594,0.387626171112,7.57656099165,-0.0359867083894,82.8712489605,82.8716528416,83.8718488216,83.8720238209,Wed Jul 25 20:38:17 2018,91.4192399979,14.0,2,0,0.387626171112,001,uep001_2,60.020062477,uncertaintyExperiment,Wed Jul 25 20:36:45 2018,2018_Jul_25_2009,scan,Wed Jul 25 20:09:11 2018,
csv/uep001_run8.csv,csv/uep001_run8_block1.csv,1,4.0,0,91.4246110403,2,2,5.1366277806,7.0,13.0,8,RS,101.221095048,14.0,3,uep001,1,8,1.65985622709,14.0,0,3,3,3,0,0,0,0,0,7,7,7,,,,,Wed Jul 25 20:38:17 2018,91.4230048656,91.834841013,91.8352088928,0.370904922485,6.72649794376,-0.0392249143488,93.5181498528,93.5185568333,94.5187549591,94.518930912,Wed Jul 25 20:38:27 2018,101.216470003,14.0,2,0,0.370904922485,001,uep001_2,60.020062477,uncertaintyExperiment,Wed Jul 25 20:36:45 2018,2018_Jul_25_2009,scan,Wed Jul 25 20:09:11 2018,
csv/uep001_run8.csv,csv/uep001_run8_block1.csv,1,4.0,0,101.221095048,2,2,6.23983947513,7.0,12.0,9,RS,112.189611627,14.0,3,uep001,1,8,1.72867710422,14.0,0,3,3,3,0,0,0,0,0,8,8,8,,,,,Wed Jul 25 20:38:27 2018,101.220078945,102.315287828,102.315634966,1.05405902863,7.14574063161,-0.0400398148948,104.065229893,104.065634966,105.065833807,105.066011906,Wed Jul 25 20:38:38 2018,112.179988861,14.0,2,0,1.05405902863,001,uep001_2,60.020062477,uncertaintyExperiment,Wed Jul 25 20:36:45 2018,2018_Jul_25_2009,scan,Wed Jul 25 20:09:11 2018,
csv/uep001_run8.csv,csv/uep001_run8_block1.csv,1,4.0,0,112.189611627,2,2,5.94045202546,7.0,5.0,10,RS,122.184764832,14.0,3,uep001,1,8,1.054701179,14.0,0,3,3,3,0,0,0,0,0,9,9,9,,,,,Wed Jul 25 20:38:38 2018,112.18379283,112.828877926,112.829222918,0.605250120163,7.30127966385,-0.0339222414408,113.911914825,113.912278891,114.912477016,114.912653923,Wed Jul 25 20:38:48 2018,122.160503864,14.0,2,0,0.605250120163,001,uep001_2,60.020062477,uncertaintyExperiment,Wed Jul 25 20:36:45 2018,2018_Jul_25_2009,scan,Wed Jul 25 20:09:11 2018,
csv/uep001_run8.csv,csv/uep001_run8_block1.csv,,,,,,,,,,,,,,,,,,,,0,3,3,3,0,0,0,0,,,,,,,,,,,,,,,,,,,,,,,,,,001,uep001_2,60.020062477,uncertaintyExperiment,Wed Jul 25 20:36:45 2018,2018_Jul_25_2009,scan,Wed Jul 25 20:09:11 2018,
csv/uep001_run8.csv,csv/uep001_run8_block2.csv,2,4.0,4.0,128.184764832,2,0,6.64924468722,12.0,12.0,1,RR,139.485601807,-6.0,5,uep001,1,8,1.65159228808,-5.0,0,3,3,3,0,1,1,1,0,0,0,0,,,,,Wed Jul 25 20:38:54 2018,128.181991816,129.24079895,129.241247892,1.02055883408,7.59330665151,-0.0353792016275,130.923744917,130.924206972,131.924490929,131.924752951,Wed Jul 25 20:39:05 2018,139.473060846,12.0,1,0,1.02055883408,001,uep001_2,60.020062477,uncertaintyExperiment,Wed Jul 25 20:36:45 2018,2018_Jul_25_2009,scan,Wed Jul 25 20:09:11 2018,
csv/uep001_run8.csv,csv/uep001_run8_block2.csv,2,4.0,4.0,139.485601807,2,0,6.42433701919,12.0,19.0,2,RR,151.588071052,-6.0,5,uep001,1,8,2.67813222597,-6.0,0,3,3,3,0,1,1,1,0,1,1,1,,,,,Wed Jul 25 20:39:05 2018,139.477990866,139.987864017,139.98820591,0.470784902573,7.92217089149,-0.0313812251286,142.687269926,142.687628984,143.687827826,143.688006878,Wed Jul 25 20:39:17 2018,151.569483995,19.0,1,0,0.470784902573,001,uep001_2,60.020062477,uncertaintyExperiment,Wed Jul 25 20:36:45 2018,2018_Jul_25_2009,scan,Wed Jul 25 20:09:11 2018,
csv/uep001_run8.csv,csv/uep001_run8_block2.csv,2,4.0,4.0,151.588071052,2,0,5.96227482169,12.0,19.0,3,RR,161.691809943,-6.0,5,uep001,1,8,1.14146406931,-5.0,0,3,3,3,0,1,1,1,0,2,2,2,,,,,Wed Jul 25 20:39:17 2018,151.573177814,152.017602921,152.017943859,0.407811880112,7.53283903611,-0.0216239054767,153.184011936,153.184373856,154.184567928,154.184743881,Wed Jul 25 20:39:27 2018,161.683393955,19.0,1,0,0.407811880112,001,uep001_2,60.020062477,uncertaintyExperiment,Wed Jul 25 20:36:45 2018,2018_Jul_25_2009,scan,Wed Jul 25 20:09:11 2018,
csv/uep001_run8.csv,csv/uep001_run8_block2.csv,2,4.0,4.0,161.691809943,2,0,6.83564640276,12.0,10.0,4,RR,172.714061007,-6.0,5,uep001,1,8,1.18660466079,-10.0,0,3,3,3,0,1,1,1,0,3,3,3,,,,,Wed Jul 25 20:39:27 2018,161.688377857,162.181423903,162.181779861,0.454230070114,8.34612947987,-0.035286852778,163.397776842,163.398159027,164.398357868,164.398546934,Wed Jul 25 20:39:38 2018,172.696803808,10.0,1,0,0.454230070114,001,uep001_2,60.020062477,uncertaintyExperiment,Wed Jul 25 20:36:45 2018,2018_Jul_25_2009,scan,Wed Jul 25 20:09:11 2018,
csv/uep001_run8.csv,csv/uep001_run8_block2.csv,2,4.0,4.0,172.714061007,2,0,6.36358633916,12.0,12.0,5,RR,184.381670545,-6.0,5,uep001,1,8,2.30402319916,2.0,0,3,3,3,0,1,1,1,0,4,4,4,,,,,Wed Jul 25 20:39:38 2018,172.700496912,173.128293991,173.128638983,0.387696027756,7.94944848389,-0.0264418275118,175.461007833,175.461371899,176.461568832,176.461743832,Wed Jul 25 20:39:50 2018,184.360153913,12.0,1,0,0.387696027756,001,uep001_2,60.020062477,uncertaintyExperiment,Wed Jul 25 20:36:45 2018,2018_Jul_25_2009,scan,Wed Jul 25 20:09:11 2018,
csv/uep001_run8.csv,csv/uep001_run8_block2.csv,2,4.0,4.0,184.381670545,2,0,5.64044798921,12.0,12.0,6,RR,195.046368123,-6.0,5,uep001,1,8,2.02424958868,-11.0,0,3,3,3,0,1,1,1,0,5,5,5,,,,,Wed Jul 25 20:39:50 2018,184.363813877,184.808403015,184.808765888,0.405751943588,7.21380850244,-0.0208875431762,186.857682943,186.85814786,187.858371019,187.85855794,Wed Jul 25 20:40:01 2018,195.040546894,12.0,1,0,0.405751943588,001,uep001_2,60.020062477,uncertaintyExperiment,Wed Jul 25 20:36:45 2018,2018_Jul_25_2009,scan,Wed Jul 25 20:09:11 2018,
csv/uep001_run8.csv,csv/uep001_run8_block2.csv,2,4.0,4.0,195.046368123,2,0,6.37545112418,12.0,12.0,7,RR,207.161630183,-6.0,5,uep001,1,8,2.73981093615,-7.0,0,3,3,3,0,1,1,1,0,6,6,6,,,,,Wed Jul 25 20:40:01 2018,195.044216871,195.521895885,195.522257805,0.437520027161,7.90001729865,-0.0379137983688,198.287623882,198.287986994,199.288180828,199.28835392,Wed Jul 25 20:40:13 2018,207.153621912,12.0,1,0,0.437520027161,001,uep001_2,60.020062477,uncertaintyExperiment,Wed Jul 25 20:36:45 2018,2018_Jul_25_2009,scan,Wed Jul 25 20:09:11 2018,
csv/uep001_run8.csv,csv/uep001_run8_block2.csv,2,4.0,4.0,207.161630183,2,0,6.163135472,12.0,4.0,8,RR,217.935232528,-6.0,5,uep001,1,8,1.61046687262,-3.0,0,3,3,3,0,1,1,1,0,7,7,7,,,,,Wed Jul 25 20:40:13 2018,207.157250881,207.485057831,207.485397816,0.287395000458,7.83980271514,-0.035937756407,209.118038893,209.118402004,210.118597031,210.118773937,Wed Jul 25 20:40:23 2018,217.93383503,4.0,1,0,0.287395000458,001,uep001_2,60.020062477,uncertaintyExperiment,Wed Jul 25 20:36:45 2018,2018_Jul_25_2009,scan,Wed Jul 25 20:09:11 2018,
csv/uep001_run8.csv,csv/uep001_run8_block2.csv,2,4.0,4.0,217.935232528,2,0,6.03074595413,12.0,9.0,9,RR,229.827196727,-6.0,5,uep001,1,8,2.86121824521,-4.0,0,3,3,3,0,1,1,1,0,8,8,8,,,,,Wed Jul 25 20:40:23 2018,217.93748498,218.365326881,218.365669966,0.387445926666,7.60074458393,-0.0425554435242,221.247880936,221.248242855,222.248438835,222.248612881,Wed Jul 25 20:40:35 2018,229.813784838,9.0,1,0,0.387445926666,001,uep001_2,60.020062477,uncertaintyExperiment,Wed Jul 25 20:36:45 2018,2018_Jul_25_2009,scan,Wed Jul 25 20:09:11 2018,
csv/uep001_run8.csv,csv/uep001_run8_block2.csv,2,4.0,4.0,229.827196727,2,0,6.38166105173,12.0,12.0,10,RR,240.394887053,-6.0,5,uep001,1,8,1.18602927427,-9.0,0,3,3,3,0,1,1,1,0,9,9,9,,,,,Wed Jul 25 20:40:35 2018,229.817469835,230.195417881,230.195778847,0.339299917221,8.01354194118,-0.0288191933319,231.411712885,231.412102938,232.412299871,232.41247797,Wed Jul 25 20:40:46 2018,240.377547979,12.0,1,0,0.339299917221,001,uep001_2,60.020062477,uncertaintyExperiment,Wed Jul 25 20:36:45 2018,2018_Jul_25_2009,scan,Wed Jul 25 20:09:11 2018,
csv/uep001_run8.csv,csv/uep001_run8_block2.csv,,,,,,,,,,,,,,,,,,,,0,3,3,3,0,1,1,1,,,,,,,,,,,,,,,,,,,,,,,,,,001,uep001_2,60.020062477,uncertaintyExperiment,Wed Jul 25 20:36:45 2018,2018_Jul_25_2009,scan,Wed Jul 25 20:09:11 2018,
csv/uep001_run8.csv,csv/uep001_run8_block3.csv,3,0,4.0,246.394887053,2,6,5.27569582563,-15.0,-15.0,1,SR,256.995987368,-8.0,7,uep001,1,8,2.32540448885,-4.0,0,3,3,3,0,2,2,2,0,0,0,0,,,,,Wed Jul 25 20:40:52 2018,246.398742914,247.673583031,247.674053907,1.23906493187,5.99709497725,-0.0395359165108,250.022923946,250.023391008,251.023674965,251.023935795,Wed Jul 25 20:41:02 2018,256.988847971,-15.0,1,0,1.23906493187,001,uep001_2,60.020062477,uncertaintyExperiment,Wed Jul 25 20:36:45 2018,2018_Jul_25_2009,scan,Wed Jul 25 20:09:11 2018,
csv/uep001_run8.csv,csv/uep001_run8_block3.csv,3,0,4.0,256.995987368,2,6,5.44071333312,-15.0,-15.0,2,SR,267.533230846,-8.0,7,uep001,1,8,2.096530145,-7.0,0,3,3,3,0,2,2,2,0,1,1,1,,,,,Wed Jul 25 20:41:02 2018,256.994868994,257.404182911,257.404527903,0.371028184891,7.03261387268,-0.0370712755543,259.520234823,259.520599842,260.520797014,260.520974874,Wed Jul 25 20:41:13 2018,267.517486811,-7.0,2,0,0.371028184891,001,uep001_2,60.020062477,uncertaintyExperiment,Wed Jul 25 20:36:45 2018,2018_Jul_25_2009,scan,Wed Jul 25 20:09:11 2018,
csv/uep001_run8.csv,csv/uep001_run8_block3.csv,3,0,4.0,267.533230846,2,6,6.40810291262,-15.0,-15.0,3,SR,279.481788071,-8.0,7,uep001,1,8,2.54045431206,-9.0,0,3,3,3,0,2,2,2,0,2,2,2,,,,,Wed Jul 25 20:41:13 2018,267.521161795,268.067873955,268.06821394,0.503958940506,7.87355374068,-0.0305902314356,270.634094954,270.634447813,271.634711981,271.634874821,Wed Jul 25 20:41:25 2018,279.465510845,-9.0,2,0,0.503958940506,001,uep001_2,60.020062477,uncertaintyExperiment,Wed Jul 25 20:36:45 2018,2018_Jul_25_2009,scan,Wed Jul 25 20:09:11 2018,
csv/uep001_run8.csv,csv/uep001_run8_block3.csv,3,0,4.0,279.481788071,2,6,6.7137025659,-15.0,-15.0,4,SR,291.102830512,-8.0,7,uep001,1,8,1.90733987537,-12.0,0,3,3,3,0,2,2,2,0,3,3,3,,,,,Wed Jul 25 20:41:25 2018,279.469194889,279.997499943,279.997845888,0.487371206284,8.1981137177,-0.0282176419183,281.930552006,281.930914879,282.931116819,282.931295872,Wed Jul 25 20:41:37 2018,291.096336842,-12.0,2,0,0.487371206284,001,uep001_2,60.020062477,uncertaintyExperiment,Wed Jul 25 20:36:45 2018,2018_Jul_25_2009,scan,Wed Jul 25 20:09:11 2018,
csv/uep001_run8.csv,csv/uep001_run8_block3.csv,3,0,4.0,291.102830512,2,6,6.49841275405,-15.0,-15.0,5,SR,303.440107531,-8.0,7,uep001,1,8,2.83886426532,-9.0,0,3,3,3,0,2,2,2,0,4,4,4,,,,,Wed Jul 25 20:41:37 2018,291.10005188,291.477785826,291.478150845,0.337569952011,8.12355137711,-0.0372914249292,294.343648911,294.344015837,295.34423995,295.344419003,Wed Jul 25 20:41:49 2018,303.425489902,-9.0,2,0,0.337569952011,001,uep001_2,60.020062477,uncertaintyExperiment,Wed Jul 25 20:36:45 2018,2018_Jul_25_2009,scan,Wed Jul 25 20:09:11 2018,
csv/uep001_run8.csv,csv/uep001_run8_block3.csv,3,0,4.0,303.440107531,2,6,5.94528825939,-15.0,-15.0,6,SR,314.766490212,-8.0,7,uep001,1,8,2.38109442123,-4.0,0,3,3,3,0,2,2,2,0,5,5,5,,,,,Wed Jul 25 20:41:49 2018,303.429199934,303.874221802,303.874564886,0.404193162918,7.51126697211,-0.0298281243602,306.290241003,306.29060483,307.290802002,307.290975809,Wed Jul 25 20:42:00 2018,314.756387949,-4.0,2,0,0.404193162918,001,uep001_2,60.020062477,uncertaintyExperiment,Wed Jul 25 20:36:45 2018,2018_Jul_25_2009,scan,Wed Jul 25 20:09:11 2018,
csv/uep001_run8.csv,csv/uep001_run8_block3.csv,3,0,4.0,314.766490212,2,6,6.54187509436,-15.0,-15.0,7,SR,325.400745325,-8.0,7,uep001,1,8,1.0923800188,-15.0,0,3,3,3,0,2,2,2,0,6,6,6,,,,,Wed Jul 25 20:42:00 2018,314.76006484,315.171032906,315.171396971,0.370611906052,8.13743229802,-0.0338308902893,316.28737998,316.287758827,317.287955999,317.288130999,Wed Jul 25 20:42:11 2018,325.38653183,-15.0,2,0,0.370611906052,001,uep001_2,60.020062477,uncertaintyExperiment,Wed Jul 25 20:36:45 2018,2018_Jul_25_2009,scan,Wed Jul 25 20:09:11 2018,
csv/uep001_run8.csv,csv/uep001_run8_block3.csv,3,0,4.0,325.400745325,2,6,6.02436372116,-15.0,-15.0,8,SR,335.437758891,-8.0,7,uep001,1,8,1.01264984456,-7.0,0,3,3,3,0,2,2,2,0,7,7,7,,,,,Wed Jul 25 20:42:11 2018,325.390204906,325.801290989,325.801633835,0.370792865753,7.62391413994,-0.0296567154674,326.834642887,326.835007906,327.835202932,327.835376978,Wed Jul 25 20:42:21 2018,335.433561802,-7.0,2,0,0.370792865753,001,uep001_2,60.020062477,uncertaintyExperiment,Wed Jul 25 20:36:45 2018,2018_Jul_25_2009,scan,Wed Jul 25 20:09:11 2018,
csv/uep001_run8.csv,csv/uep001_run8_block3.csv,3,0,4.0,335.437758891,2,6,5.56772261805,-15.0,-15.0,9,SR,346.538510554,-8.0,7,uep001,1,8,2.53302904483,-6.0,0,3,3,3,0,2,2,2,0,8,8,8,,,,,Wed Jul 25 20:42:21 2018,335.438123941,335.848412991,335.848757029,0.370718002319,7.15716269356,-0.0398419221701,338.413963795,338.414328814,339.4145298,339.414708853,Wed Jul 25 20:42:32 2018,346.513597012,-6.0,2,0,0.370718002319,001,uep001_2,60.020062477,uncertaintyExperiment,Wed Jul 25 20:36:45 2018,2018_Jul_25_2009,scan,Wed Jul 25 20:09:11 2018,
csv/uep001_run8.csv,csv/uep001_run8_block3.csv,3,0,4.0,346.538510554,2,6,5.07110526622,-15.0,-15.0,10,SR,356.709067789,-8.0,7,uep001,1,8,2.09945196936,-6.0,0,3,3,3,0,2,2,2,0,9,9,9,,,,,Wed Jul 25 20:42:32 2018,346.517021894,347.011304855,347.011744022,0.453978061676,6.59842778959,-0.0186994149505,349.144792795,349.145160913,350.145358801,350.145534992,Wed Jul 25 20:42:42 2018,356.693994999,-6.0,2,0,0.453978061676,001,uep001_2,60.020062477,uncertaintyExperiment,Wed Jul 25 20:36:45 2018,2018_Jul_25_2009,scan,Wed Jul 25 20:09:11 2018,
csv/uep001_run8.csv,csv/uep001_run8_block3.csv,,,,,,,,,,,,,,,,,,,,0,3,3,3,0,2,2,2,,,,,,,,,,,,,,,,,,,,,,,,,,001,uep001_2,60.020062477,uncertaintyExperiment,Wed Jul 25 20:36:45 2018,2018_Jul_25_2009,scan,Wed Jul 25 20:09:11 2018,
csv/uep001_run8.csv,csv/uep001_run8_block4.csv,4,0,0,362.709067789,2,1,6.71557567855,26.0,26.0,1,SS,374.972488631,-2.0,4,uep001,1,8,2.54784516284,-2.0,0,3,3,3,0,3,3,3,0,0,0,0,,,,,Wed Jul 25 20:42:48 2018,362.714200974,363.840440989,363.840885878,1.08904910088,7.58429665454,-0.0422299231305,366.423548937,366.424057007,367.424340963,367.424604893,Wed Jul 25 20:43:00 2018,374.955123901,26.0,1,0,1.08904910088,001,uep001_2,60.020062477,uncertaintyExperiment,Wed Jul 25 20:36:45 2018,2018_Jul_25_2009,scan,Wed Jul 25 20:09:11 2018,
csv/uep001_run8.csv,csv/uep001_run8_block4.csv,4,0,0,374.972488631,2,1,5.60456480102,26.0,26.0,2,SS,384.940668035,-2.0,4,uep001,1,8,1.36361460343,-2.0,0,3,3,3,0,3,3,3,0,1,1,1,,,,,Wed Jul 25 20:43:00 2018,374.960072994,375.403817892,375.40416193,0.400382041931,7.17333162221,-0.0308511368751,376.787204981,376.787611961,377.787811995,377.787990808,Wed Jul 25 20:43:10 2018,384.935369968,26.0,1,0,0.400382041931,001,uep001_2,60.020062477,uncertaintyExperiment,Wed Jul 25 20:36:45 2018,2018_Jul_25_2009,scan,Wed Jul 25 20:09:11 2018,
csv/uep001_run8.csv,csv/uep001_run8_block4.csv,4,0,0,384.940668035,2,1,6.1899888841,26.0,26.0,3,SS,396.336314905,-2.0,4,uep001,1,8,2.20565798604,-2.0,0,3,3,3,0,3,3,3,0,2,2,2,,,,,Wed Jul 25 20:43:10 2018,384.93906188,385.41700387,385.417354822,0.437528133392,7.71375103915,-0.0387097115568,387.650808811,387.651228905,388.651432991,388.651609898,Wed Jul 25 20:43:22 2018,396.315634966,26.0,1,0,0.437528133392,001,uep001_2,60.020062477,uncertaintyExperiment,Wed Jul 25 20:36:45 2018,2018_Jul_25_2009,scan,Wed Jul 25 20:09:11 2018,
csv/uep001_run8.csv,csv/uep001_run8_block4.csv,4,0,0,396.336314905,2,1,6.03482773582,26.0,26.0,4,SS,407.000525399,-2.0,4,uep001,1,8,1.6293827578,-2.0,0,3,3,3,0,3,3,3,0,3,3,3,,,,,Wed Jul 25 20:43:22 2018,396.31932497,396.731163025,396.731503963,0.37097287178,7.64007784453,-0.023777019502,398.381148815,398.381573915,399.381773949,399.381949902,Wed Jul 25 20:43:32 2018,406.995790958,26.0,1,0,0.37097287178,001,uep001_2,60.020062477,uncertaintyExperiment,Wed Jul 25 20:36:45 2018,2018_Jul_25_2009,scan,Wed Jul 25 20:09:11 2018,
csv/uep001_run8.csv,csv/uep001_run8_block4.csv,4,0,0,407.000525399,2,1,6.73301205294,26.0,26.0,5,SS,417.91609368,-2.0,4,uep001,1,8,1.18255622788,-2.0,0,3,3,3,0,3,3,3,0,4,4,4,,,,,Wed Jul 25 20:43:32 2018,406.99948287,408.094523907,408.094865799,1.05541992188,7.63910462091,-0.0384875101539,409.310801029,409.311183929,410.311378956,410.311553955,Wed Jul 25 20:43:43 2018,417.892656803,26.0,1,0,1.05541992188,001,uep001_2,60.020062477,uncertaintyExperiment,Wed Jul 25 20:36:45 2018,2018_Jul_25_2009,scan,Wed Jul 25 20:09:11 2018,
csv/uep001_run8.csv,csv/uep001_run8_block4.csv,4,0,0,417.91609368,2,1,5.86140613922,26.0,26.0,6,SS,429.226959945,-2.0,4,uep001,1,8,2.44946012585,-2.0,0,3,3,3,0,3,3,3,0,5,5,5,,,,,Wed Jul 25 20:43:43 2018,417.896968842,418.358146906,418.358485937,0.420771121979,7.41944780351,-0.0211872137272,420.840816975,420.841178894,421.841375828,421.841549873,Wed Jul 25 20:43:55 2018,429.206709862,26.0,1,0,0.420771121979,001,uep001_2,60.020062477,uncertaintyExperiment,Wed Jul 25 20:36:45 2018,2018_Jul_25_2009,scan,Wed Jul 25 20:09:11 2018,
csv/uep001_run8.csv,csv/uep001_run8_block4.csv,4,0,0,429.226959945,2,1,6.6152227516,26.0,26.0,7,SS,441.220238699,-2.0,4,uep001,1,8,2.37805600254,-2.0,0,3,3,3,0,3,3,3,0,6,6,6,,,,,Wed Jul 25 20:43:55 2018,429.210458994,429.721521854,429.721861839,0.47113609314,8.12075668613,-0.0233299723273,432.120982885,432.121344805,433.121564865,433.121738911,Wed Jul 25 20:44:07 2018,441.203457832,26.0,1,0,0.47113609314,001,uep001_2,60.020062477,uncertaintyExperiment,Wed Jul 25 20:36:45 2018,2018_Jul_25_2009,scan,Wed Jul 25 20:09:11 2018,
csv/uep001_run8.csv,csv/uep001_run8_block4.csv,4,0,0,441.220238699,2,1,6.50936094711,26.0,26.0,8,SS,453.622701685,-2.0,4,uep001,1,8,2.8931020387,-2.0,0,3,3,3,0,3,3,3,0,7,7,7,,,,,Wed Jul 25 20:44:07 2018,441.207180023,441.734783888,441.735147953,0.487486839294,7.99491279441,-0.0269613134045,444.650681019,444.651045799,445.651242018,445.651417017,Wed Jul 25 20:44:19 2018,453.616442919,26.0,1,0,0.487486839294,001,uep001_2,60.020062477,uncertaintyExperiment,Wed Jul 25 20:36:45 2018,2018_Jul_25_2009,scan,Wed Jul 25 20:09:11 2018,
csv/uep001_run8.csv,csv/uep001_run8_block4.csv,4,0,0,453.622701685,2,1,5.53972830751,26.0,26.0,9,SS,463.283592363,-2.0,4,uep001,1,8,1.12116237116,-2.0,0,3,3,3,0,3,3,3,0,8,8,8,,,,,Wed Jul 25 20:44:19 2018,453.62043786,454.147753954,454.148095846,0.487653970718,7.01477402822,-0.037300308571,455.297637939,455.298009872,456.298204899,456.298381805,Wed Jul 25 20:44:29 2018,463.263629913,26.0,1,0,0.487653970718,001,uep001_2,60.020062477,uncertaintyExperiment,Wed Jul 25 20:36:45 2018,2018_Jul_25_2009,scan,Wed Jul 25 20:09:11 2018,
csv/uep001_run8.csv,csv/uep001_run8_block4.csv,4,0,0,463.283592363,2,1,6.02646183797,26.0,26.0,10,SS,474.0,-2.0,4,uep001,1,8,1.68994579876,-2.0,0,3,3,3,0,3,3,3,0,9,9,9,,,,,Wed Jul 25 20:44:29 2018,463.26749897,463.745127916,463.745471954,0.437101125717,7.56502236759,-0.0243383446557,465.46132493,465.461685896,466.461881876,466.462054968,Wed Jul 25 20:44:39 2018,473.993736982,26.0,1,0,0.437101125717,001,uep001_2,60.020062477,uncertaintyExperiment,Wed Jul 25 20:36:45 2018,2018_Jul_25_2009,scan,Wed Jul 25 20:09:11 2018,
csv/uep001_run8.csv,csv/uep001_run8_block4.csv,,,,,,,,,,,,,,,,,,,,0,3,3,3,0,3,3,3,,,,,,,,,,,,,,,,,,,,,,,,,,001,uep001_2,60.020062477,uncertaintyExperiment,Wed Jul 25 20:36:45 2018,2018_Jul_25_2009,scan,Wed Jul 25 20:09:11 2018,
csv/uep001_run8.csv,,,,,,,,,,,,,,,,,,,,,0,3,3,3,,,,,,,,,,,,,,,,,,,,,,,,,,,,,,001,uep001_2,60.020062477,uncertaintyExperiment,Wed Jul 25 20:36:45 2018,2018_Jul_25_2009,scan,Wed Jul 25 20:09:11 2018,
